timestamp,T70721A,T70721B,T70721C,T70722A,T70722B,T70722C,T70724A,T70724B,T70724C,T70725A,T70725B,T70725C,T70730A,T70730B,T70730C,T70735A,T70735B,T70735C,T70737A,T70737B,T70737C,T70738A,T70738B,T70738C,T70743A,T70743B,T70743C,T70744A,T70744B,T70744C,T70745A,T70745B,T70745C,T70747A,T70747B,T70747C,T76995A,T76995B,T76995C,T77125A,T77125B,T77125C,T78256A,T78256B,T78256C,T78258A,T78258B,T78258C,T78259A,T78259B,T78259C,T78262A,T78262B,T78262C,T78264A,T78264B,T78264C,T78269A,T78269B,T78269C,T78270A,T78270B,T78270C,T78271A,T78271B,T78271C,T78273A,T78273B,T78273C,T78274A,T78274B,T78274C,T78279A,T78279B,T78279C,T78280A,T78280B,T78280C,T70731A,T70731B,T70731C,T36870A,T36870B,T70736A,T70736B,T70736C
lundi 14 janvier 2019,0.831559522,4.793182916,0.438049073,6.438077644,10.688537,10.55873404,13.78831669,7.839432561,7.146693334,10.32613895,15.30630688,15.01482664,27.98929644,15.24713856,10.47606769,11.63271722,11.07376417,14.12104474,7.668055688,8.604891814,9.871666296,22.89384601,5.961832037,13.11423717,1.086612027,8.595054918,2.763929432,16.34619173,26.36984264,5.71414564,7.779817309,11.27278474,6.59680089,1.452297599,0.691962852,7.060548401,7.127966963,1.550870742,5.883152378,2.723894909,2.245882458,20.33796316,18.69844639,19.70318688,19.71807626,5.789831847,28.00590151,21.58331047,10.14648631,6.005740725,4.988058558,16.28937058,16.95140975,16.70055298,1.231573189,1.628513597,7.7911107,14.0902478,11.18416428,5.295851583,8.451308455,2.406124449,6.981318926,26.78727542,26.47664013,36.23054486,3.270589864,19.49851102,33.15796033,19.64547908,3.313386877,5.134302338,2.33367221,0.7436096,1.17288962,3.073861104,4.269522874,6.053109626,1.316748144,5.508529413,4.714902714,2.571879179,0.531834397,1.21533579,1.237269317,3.988340397
lundi 21 janvier 2019,1.100666939,5.283174879,0.400597996,6.266519908,9.85914026,14.44897124,14.41945401,11.13005581,9.250753906,13.20452802,18.3393065,14.80557897,29.33277462,16.20522649,12.30813544,13.46704881,14.59138117,13.80709789,9.213802487,12.60672434,12.03918965,23.73962516,8.496442717,13.21212372,0.81362031,10.22320466,3.411601545,17.65697005,30.68685022,6.020167994,8.883034467,14.09661425,8.263056065,1.818397889,1.174115964,11.57169295,10.0948538,1.847364565,6.704333663,2.95155648,2.447079549,19.63589944,20.15942415,21.53282322,20.13476211,6.202496881,31.39139601,24.86798855,13.68751592,7.362658765,5.427134344,22.49012649,22.12672081,21.40213859,0.944588315,2.015253509,4.448342531,17.75815767,16.21756524,7.118653086,10.15662528,5.079474958,13.80407783,28.80308535,24.48308951,44.09729556,4.151643985,19.59203211,39.60215778,28.39992579,4.028130102,6.641857775,2.754697008,0.836291487,1.572829347,1.366011718,4.868979232,5.989044139,1.563998796,5.366617734,5.784029722,2.861733772,0.624668373,2.453911833,3.333697403,9.358737605
lundi 28 janvier 2019,1.183780856,4.349223349,0.420741157,5.997114423,10.5226823,13.45249446,13.91879547,10.78044294,7.248674393,9.856779138,15.91494841,12.49355043,29.07141888,16.89527062,12.34327297,10.61889565,15.18145777,13.05716407,8.725458923,10.72851873,11.9061129,30.91878794,6.818803372,10.96645919,0.907420688,8.382711705,2.464266476,12.32668231,27.87727175,5.342176694,7.928004707,11.73393946,8.41141548,1.449328452,1.106614654,10.91469549,7.661682043,1.830659104,6.309876374,3.579385045,2.689675422,18.53060951,17.50414897,20.52697227,20.68422158,5.292184345,27.16931812,25.22330697,13.21408713,7.174468979,4.771911364,17.23749424,17.35875226,20.21419665,1.087056925,0.934566543,4.386411029,17.9848486,15.94641861,5.697221379,9.01572864,4.424408922,12.67980216,26.63272705,19.04661622,33.81142033,3.365640996,15.11552246,35.76297145,19.93223197,3.788902373,6.490015256,1.756977322,0.635868168,1.157294557,1.796685463,4.973883939,7.515412112,1.244963817,5.347929603,5.173291372,1.68924902,0.857357142,1.98222328,3.587668796,10.21715619
lundi 4 février 2019,0.973927937,4.318550822,0.447147595,7.142362662,11.92441379,15.08029279,12.07178432,8.915606172,6.414326537,12.40162139,15.43923983,14.86425772,31.46244858,18.78809929,15.98881391,9.817257482,11.80568514,12.96180233,7.564694495,11.44819046,11.89458694,37.49783104,5.839821815,11.2123927,1.001017075,9.025957665,3.491587108,18.78551006,28.49930795,9.682017913,9.118897538,12.18275201,9.422942211,1.449435755,1.657148428,14.23695151,8.589008978,2.03198834,8.253720128,3.528348619,3.822636685,20.38633311,16.50330296,21.22697844,21.04844807,6.361538294,31.29123605,36.55200802,14.435301,6.524281181,5.918415164,21.3746785,17.74673268,18.80671257,1.501799149,0.984321935,5.890165236,19.38371114,18.17302941,5.700616781,10.38793615,5.688476157,11.77577583,25.9351667,18.95959817,40.62395796,3.441911468,18.64332276,38.17746288,23.38395413,3.58496303,6.916990291,2.005446015,0.87203188,1.170023937,1.569491168,4.160341805,8.216270016,1.092515374,5.657792287,6.055633757,3.030928742,1.241328011,2.520621865,3.472459381,9.820944734
lundi 11 février 2019,0.900415705,5.069338583,0.368530978,8.175607604,10.3362192,15.70682085,8.944333022,7.701186931,7.307465656,10.18081514,14.98355822,16.9465992,34.75196135,18.960084,11.97044245,7.842234193,8.165740686,7.53311136,8.470698224,11.09927889,10.45908865,35.24088048,3.153761409,10.00867171,0.744056058,9.4909296,3.148785984,33.29100997,27.90150163,9.096876294,7.660081778,12.96028949,8.468848499,1.580814412,1.303328868,16.72505726,9.125069465,1.72522212,7.3934531,3.563364743,3.583876927,19.09608954,22.0306016,18.67749676,23.28678304,6.741359995,26.54777815,27.98390036,17.17055872,7.922202393,5.682868367,20.31501763,11.75631014,14.97127051,4.120649118,0.830235106,8.246719421,17.93405236,16.57077211,5.778247843,9.782679951,4.877312898,12.90148107,21.95112806,17.04698743,40.55418142,3.178289125,16.64504247,31.90137914,22.63676906,3.45536499,6.465068788,2.262361172,1.448182374,1.474031035,3.590210376,5.791553263,7.800103637,1.559454901,4.933143631,4.919365264,2.377946204,1.151042526,2.526170343,6.378851529,12.29296043
lundi 18 février 2019,0.832237271,5.492499891,0.369519448,6.396781867,11.61407131,16.35549753,10.50008747,8.271432441,8.210723977,11.28422899,15.81247127,14.33866342,34.16921103,17.89354938,10.29097949,12.16767462,12.81250028,14.3684655,9.111277632,11.77349318,6.507295891,24.3655833,4.07060613,10.36615413,1.03364943,9.654976649,4.135680511,11.01682441,25.84703192,15.1113126,9.496218703,12.40470466,8.546964656,2.043015502,1.002130437,13.17259481,9.015449498,2.157332748,7.247145135,3.778111439,4.281752168,22.4388354,16.22016023,33.83464945,22.80654547,5.884179429,22.87664652,25.38898647,16.02658198,7.547072108,5.658745491,20.98026443,10.64226139,20.33767298,1.674644087,0.831813615,5.038828426,17.60080559,16.4247092,6.07093393,9.085532232,5.742073037,13.71404531,22.10760056,16.51937505,33.23602876,3.255223838,17.22327269,28.15594695,31.9850758,3.640197991,7.62014231,1.766675382,0.956696658,1.185795467,2.630415273,6.218482183,8.043617629,3.108589082,6.297790864,6.375017168,2.933393734,1.240075537,3.467638966,7.908104221,14.08439365
lundi 25 février 2019,0.884414196,5.679013402,0.391954767,6.42472124,13.01269677,15.46000437,14.09621684,10.42112849,9.268706408,11.65792123,17.13887089,13.57703897,30.94930228,16.25138974,11.16524012,11.32265087,14.06266728,10.12273862,9.93698341,9.670812208,8.909660273,24.16597265,6.499685398,13.26509402,4.503670223,10.00239173,3.013200749,17.83916637,34.74166077,7.879926424,9.230639963,13.89800563,9.891074773,2.354698052,1.203998711,13.54874799,10.15608828,2.007687259,7.681210317,4.605972475,3.782151633,24.07272834,12.15180559,36.82736072,26.98302754,6.645844051,32.6282735,32.55175304,13.41511384,7.713448199,6.540479286,20.37961201,11.67496414,23.31296154,1.973925388,1.401387498,6.294353141,21.74272438,15.93992947,5.586287467,8.015727547,5.19743576,13.29979204,25.2162542,22.34561859,40.92279866,3.684833168,18.86724951,37.61045787,28.1138479,4.764188416,7.212104874,0.861303877,0.829823898,1.306271572,1.81951619,4.857042606,8.362796684,3.144505504,6.663450768,6.241083576,2.872006951,1.001398582,5.715110227,9.449817584,15.9129818
lundi 4 mars 2019,0.966102271,4.386952076,0.326890793,5.848275755,9.567018911,12.85418075,12.07218504,7.864716091,7.027960994,9.504010841,14.70256574,14.11058219,25.25542704,12.42970224,9.001266318,8.673320907,9.097559803,8.290842355,8.254976263,7.896187744,6.426051627,19.55923406,6.551335947,10.03271252,0.427572967,7.842373858,2.499008827,13.45429981,27.0005024,10.37656536,8.320931435,10.85615826,7.431599266,1.361174501,0.920253721,7.944821457,7.151575516,1.168474822,6.798879234,3.816485094,3.108842104,18.21304896,11.0028134,29.19702396,17.76212673,6.193742777,25.72764536,30.5455403,12.57573078,7.190632895,5.53214298,19.87217589,10.28028486,16.81301367,0.997331546,2.061702372,3.455377734,17.32262754,14.03984117,4.915828652,6.71344284,4.7621185,11.39232772,22.57462072,20.64869785,27.74428076,3.31907896,14.55323652,28.91289655,28.50033645,4.798686632,5.422437771,0.941954472,0.617057042,1.36698892,1.715644658,3.037322887,6.515779874,1.938415753,5.47435885,5.203721893,2.319377845,0.489634967,4.472936476,8.635186024,14.54343499
lundi 11 mars 2019,0.988317668,4.637166237,0.391964087,6.438938397,11.19667589,17.46323274,15.53522588,9.199301496,8.093508751,10.22429804,18.57052755,14.2295969,30.35887878,14.93474825,11.2762747,10.82335281,15.49633052,12.24224864,10.98971457,9.549058987,7.386321785,26.10432745,8.374795862,12.28057629,0.705738519,8.045641486,4.037110117,17.67055439,33.39820334,7.848601625,9.378757513,14.38774284,7.113859193,1.633105308,1.274909597,12.424134,9.267250827,1.369205843,9.299414768,4.178110678,2.654009029,20.39634519,13.54450548,35.17433351,20.22417823,6.615500193,33.6872653,25.79426968,13.92991124,9.274940263,6.284077211,18.44124712,12.5625953,17.61120347,0.659754126,1.554856469,2.459155703,21.25063218,17.63526911,6.171811396,7.151580701,5.975731547,11.57792808,27.50923072,22.04144077,38.94916019,3.588650405,18.06474773,34.46080016,26.77458941,4.645648987,8.872759307,1.101234671,0.729966843,1.532766247,2.949410109,3.652539538,6.135496691,2.104827115,6.489608259,6.367965706,3.44714243,0.960091392,5.608776395,10.72208431,16.89570897
lundi 18 mars 2019,0.876130164,5.041311667,0.423393455,6.052022526,10.59007159,13.0458331,16.326632,10.50114708,8.605361732,11.28482433,18.25021354,14.76974986,27.26682816,13.81520819,11.4219998,12.90881796,11.83820796,16.36393668,11.46576799,9.621332065,10.14662556,20.22197443,7.663122372,12.30088515,1.973367609,9.280651534,3.299781127,13.37283513,29.72396003,5.632293098,8.802246137,13.35119349,8.079852731,1.646614201,1.035652199,12.45559202,8.658585726,1.607545194,6.777715945,3.009894026,2.913976256,19.88665912,13.90470316,36.10820403,18.84390564,5.495416099,31.28436595,34.45332166,15.01359578,8.479818499,6.310300535,20.64187949,12.8123294,19.1371214,0.718647844,1.348113407,1.801810639,21.31297586,18.06029538,5.919256465,7.483605136,6.017086982,12.59408579,28.30473404,23.04536065,36.48599519,3.457288223,17.59997255,35.33012458,24.84882319,5.297187215,9.92995752,1.133125594,0.760924405,0.843381517,3.661895294,5.38914875,7.144001149,2.779188371,7.730526013,6.900898331,2.630421033,1.028498773,6.237552165,11.44025927,17.78160506
lundi 25 mars 2019,0.874401264,3.982306472,0.393994698,5.027100871,9.438443795,13.24234089,13.6520776,8.814432234,8.729263932,9.690277846,14.47002501,11.91433556,26.75705974,11.95105844,9.199211439,7.802348343,8.963050958,12.56488295,10.88583256,7.779420279,7.67912755,13.69028642,6.135523771,9.724126744,0.468537144,6.428720782,3.031275501,9.120421412,23.05731813,5.384524948,8.085282432,10.59010985,6.602496527,1.575094144,0.960516655,16.04929036,7.815156701,1.425313003,6.605713172,2.539659548,2.714300948,22.46553378,13.96273955,32.55105384,14.51414419,5.425055096,25.57601698,20.47626705,10.39867713,7.479979797,4.730949985,18.65902106,10.81610557,18.74365099,0.751774477,1.386985645,1.630762682,19.20720044,15.08805379,5.005589765,7.721302157,5.33130265,9.627927535,23.79711531,20.39729074,28.7292504,3.109760302,13.7249843,28.57241491,19.01133299,5.184591409,6.603414662,0.927746754,0.550429149,1.327495394,0.741642584,3.009582782,6.664545957,2.493256192,8.650847829,7.312266987,2.606137919,0.894733468,5.163661771,8.418846129,16.68202897
lundi 1 avril 2019,0.890919511,4.595610728,0.364578517,7.423674836,11.14116394,13.14385772,13.24028041,8.955448729,8.166409023,9.548775132,17.09658307,14.92764635,25.57733219,14.75814407,10.11201187,9.678412458,10.2526155,10.75951191,10.23951792,9.399351443,6.742305594,14.34290996,5.476575314,10.75467527,0.624913588,7.04282547,3.13798453,38.15046935,24.56401408,9.206146499,8.751499979,13.61488558,6.99294478,1.532371018,1.591813134,11.90693049,10.39579692,1.718514534,6.170988521,4.067997544,3.694722137,20.75506787,16.08833488,39.41585128,19.04236789,8.38125125,27.61696406,19.19675996,12.69017824,7.949538436,5.293306011,23.72670564,24.03294755,19.09963745,0.848524972,1.187452655,1.516528302,20.987031,16.53765903,6.03399341,9.046094951,6.277558363,10.02967763,23.82681055,13.75743379,28.94935862,3.364038395,16.66697539,31.7454105,28.71632929,5.029865487,6.352528744,1.58525592,0.651690195,0.804230149,0.891992954,5.6555896,7.290069282,2.061744272,8.790684025,8.111191801,2.218941239,1.107781948,0.236531955,1.071093177,1.441469109
lundi 8 avril 2019,0.663325454,3.122203151,0.268510451,4.821574986,6.679647352,9.712344389,8.19220069,4.793368736,5.676436189,7.082555977,13.01384983,9.815490574,21.12161596,11.61047895,6.768927354,11.51019624,8.163055392,9.575090919,6.194948296,6.128088494,2.962801242,12.5985087,3.25543227,7.37659075,0.360495508,5.867241797,3.047524426,29.80315319,11.81249111,6.035797063,8.252131507,11.32058226,6.147613001,1.449642531,0.924266706,17.26088358,7.447544311,1.528188836,4.889135743,2.049484762,2.752849504,17.03057347,10.13002078,25.37117474,11.12086054,4.571525814,18.84411037,11.00519842,10.51543348,7.316931763,4.294253649,14.59364988,8.899399302,10.94999594,0.670330913,1.131305291,1.648059697,14.72996382,14.54761287,3.879569866,6.654415786,4.719333508,6.351538582,19.70411523,11.30549518,27.52622946,2.226759598,10.36304172,21.53130128,14.69042872,3.054596353,4.108311896,1.276858088,0.503445596,0.593183461,0.836674534,6.576985724,5.394093775,1.680350463,6.252385998,6.203601592,2.113805908,0.802204128,3.715194279,5.431408003,9.358330126
lundi 15 avril 2019,0.80839058,3.862473214,0.311924615,4.344316672,7.876813375,11.71310868,10.77049358,6.317822573,7.209276215,10.13038032,14.70061671,10.66928753,26.60285717,12.18249252,9.38869274,10.10959851,11.93595887,15.83482487,6.548013437,6.461425721,6.222968015,13.80416168,4.057171318,9.54298559,0.458280741,6.850543481,3.671234442,35.43368065,11.016361,8.144200882,7.148813973,9.424419159,7.803696823,2.07738645,1.270483544,11.25960065,7.667739157,1.573674393,5.767110769,2.221300688,2.678726665,19.5712877,14.86315757,33.16639782,14.6899558,11.01592248,20.60776891,11.87241023,11.57513201,9.14242771,6.09524642,16.83415331,12.92264132,11.31158346,1.162093796,2.1524931,2.128414824,16.36478906,14.24372419,4.303920694,6.628983259,5.350502092,7.427515798,22.48742963,16.02409733,29.78757731,3.006678044,11.19316977,23.14070456,24.20538281,4.896046336,6.375118757,1.645210286,0.636216924,1.014591453,0.818257634,8.178559084,10.24300288,2.807902574,8.103235663,7.556484419,2.543166572,1.009407057,4.013631898,6.339219844,10.79432367
lundi 22 avril 2019,1.172826799,4.525014937,0.398106782,5.625453288,11.61681883,15.67836785,16.79222232,10.57027729,10.79730226,10.63235795,21.06371937,14.7214775,24.26103469,14.13369484,11.10971169,9.648141817,10.65403057,13.06990511,10.41172209,8.324910204,7.846226549,19.80801309,7.745899077,14.01058827,0.487471677,8.092032856,3.732297544,45.83166573,19.46634003,10.60639675,9.708104341,14.47506461,8.457939925,2.514160875,1.629730791,21.40168887,7.549653193,1.875253731,5.493080437,3.22782262,3.612235268,34.24318698,17.27256271,34.34730665,19.50083617,8.403230717,31.98438993,17.74947114,11.71402063,9.827982597,6.494428157,19.86356834,14.72201638,17.89589876,1.000736274,1.816094493,2.676167999,22.75869553,17.75719422,6.514809939,8.90474962,6.498241603,10.81403761,28.07578073,20.13826482,40.67330544,3.991101054,17.74524978,34.32183989,36.30322865,4.701888599,8.759197533,2.056351417,0.661681656,1.674157575,0.934439102,4.341639384,9.44962318,2.632254142,10.61952531,9.62731237,2.43494699,1.070648151,8.122720399,11.77241777,17.25090806
lundi 29 avril 2019,0.776381136,4.742000662,0.428142089,7.796246736,10.99799597,15.05619007,15.50949057,12.18858683,10.01075067,9.907876127,17.65412499,12.80342763,25.84871171,13.74325561,11.11907796,8.877246055,11.62626836,13.79455337,9.561974443,7.879391206,6.422701444,19.58307193,7.818495813,13.50187505,0.456635425,6.72942044,3.768561616,49.19286919,18.28707128,6.673129028,10.85165876,15.60832808,11.08633709,3.617448921,1.201221719,16.34663965,10.02393633,3.356807204,7.143707374,3.062496123,8.423300121,35.85115361,17.6353509,36.39007108,18.59724372,9.223067919,29.47497284,15.99212227,14.41122675,9.393064579,5.688176451,22.73248716,11.45400891,16.78770766,1.074308068,1.806755222,2.477958042,21.92287122,18.76607873,6.541943086,10.95832221,6.095136539,10.92100261,35.02501924,18.32736692,33.73089385,3.509306862,16.59322336,33.59118606,29.32109342,4.496026134,8.649832838,1.938734493,0.671163293,0.841542844,1.095460462,5.175243093,8.208658309,2.350401111,10.01671199,9.391675004,2.715308432,1.104428796,10.89282048,11.36788247,17.840238
lundi 6 mai 2019,1.051677721,4.580350003,0.431798964,8.742947246,11.25022737,15.07749147,16.41893427,8.960383634,10.2880555,11.75789709,19.90233238,13.06610419,29.11833228,16.38576981,10.84220698,10.66870532,13.79688194,16.26147158,9.538991651,9.259116294,4.386875062,19.25875959,7.098907651,12.04871012,0.317929793,9.720485134,4.249832429,54.21208652,18.70265101,6.870983869,10.12303893,16.16057407,10.92503412,5.849658849,1.203591037,23.92478438,10.11939446,2.111487276,10.57400114,3.950578461,8.016899702,45.06770693,16.52404073,38.16954497,20.51229189,10.14135635,31.13836983,17.41701188,12.04105758,10.44746104,4.304892391,22.64529214,12.08775262,18.25041509,1.13080098,1.945844707,2.208368189,20.09904192,18.669244,6.630593182,9.882257796,5.962780344,11.39498667,31.44055542,21.75150527,36.24399697,3.696911941,17.21281126,33.26974731,32.5847716,4.737532941,7.372503977,1.417944966,1.004673869,1.540528404,0.757250091,3.540768573,7.473754739,3.10122456,12.31454007,11.48545858,2.855237851,1.193732558,9.149105195,13.18759398,20.14339187
lundi 13 mai 2019,0.767823627,3.692802426,0.310370318,5.868714855,8.576274499,11.29681147,13.3827087,9.40979488,7.62706192,8.037817156,13.96372203,10.36878642,24.62367935,12.81062516,9.021009076,8.074375638,10.22128137,11.58372727,8.32746958,7.478586342,7.875946406,11.81952801,6.101113642,10.02258135,0.2961356,6.555077144,3.017074752,33.43167306,14.43726737,4.500873555,6.731485195,10.39633833,5.961287316,2.721137092,0.924207178,11.08054176,7.85455997,1.440205828,7.623260386,2.918197091,3.379688957,23.47238728,13.77865156,29.9961689,15.10904933,7.977038926,23.13133899,14.59623845,10.25461601,6.279561455,6.262736237,17.67179394,10.61598014,15.65582519,0.936605123,1.753037636,2.914151329,16.33053735,13.7253869,5.004269076,7.0145282,4.343856211,8.021174569,24.78373716,17.35443705,29.34979139,3.502212401,13.04848277,28.18958311,19.64684657,3.520540154,6.747483476,1.981527073,0.721531679,1.305726741,0.992921029,5.803615649,11.01385611,3.642732407,7.61521838,7.332477307,2.147860642,0.576847216,6.595735929,9.780594796,17.04751284
lundi 20 mai 2019,0.868875776,4.358162691,0.393393571,5.98644248,10.77786474,12.16224499,13.5660835,8.021405305,8.215449312,9.162539307,18.92743668,12.51266061,24.80724676,15.47386586,10.67624577,10.90923402,11.05840651,13.11276026,10.06018702,7.915923765,7.529808857,15.26911461,6.356680755,12.30318258,0.251389205,7.265909169,3.527105296,41.86767147,13.9775701,4.854710056,10.0477852,15.65825187,6.221642607,2.401634273,1.385698931,14.00124498,9.355268837,1.785806856,8.034193948,3.458143568,3.444593731,26.10970522,15.8950285,39.60321086,16.63773418,8.165753863,22.15331454,14.7018864,12.43824338,8.059174984,5.809797849,21.56706741,10.21810446,17.30249959,1.004475316,1.757451444,2.98853466,16.47382217,15.52078167,5.395436685,8.692950082,5.282728919,9.745391629,29.48628041,17.18680041,28.98480488,3.1263235,15.9771702,27.26630542,21.50596626,4.351082321,6.671795342,2.045703696,0.592373517,1.292522142,1.485029549,5.455612473,8.836582607,3.04811354,8.33731521,7.976162447,2.663616201,0.705745639,6.884572193,9.223578667,19.30341627
lundi 27 mai 2019,1.404198643,5.048921323,0.512156646,5.16010636,9.559219979,11.49553133,14.70648283,9.616554611,8.501234569,10.40423808,19.58743779,13.129112,29.07796703,15.19587449,10.56496488,10.21768802,10.49378626,15.24027203,9.093729425,8.392808915,8.068036303,17.53561428,6.856654103,12.92587252,0.360778326,8.03243481,3.738813644,39.51162547,16.17599265,3.818547982,8.30595011,15.17431085,5.923687,2.339298829,1.187277946,12.04558409,8.912861028,1.76534733,7.142521987,3.940086065,3.002761912,25.53125343,18.63738476,36.1839313,18.37298773,5.884143879,27.28643629,16.92304371,12.44173772,8.91364086,6.441340264,19.44857687,13.47586973,19.64160568,1.283607836,3.107409311,4.829902886,20.37123692,17.51860002,5.665948143,8.199813487,5.37055943,9.994055264,28.70604912,20.3286898,30.81721084,4.10790248,15.22163616,27.65963005,19.96469582,4.186722485,7.281570223,2.232356704,0.845240037,3.085725719,1.088533758,5.934705253,9.515340414,3.307695239,9.502590542,9.021886058,3.986537633,0.963654104,8.686964927,12.44720672,15.5221602
lundi 3 juin 2019,1.146713033,4.10405673,0.463714974,5.282456944,10.04789491,11.19725948,13.14282928,8.97812928,7.507631969,10.96551849,16.9676421,11.29994516,28.652137,14.64254029,9.129171361,8.385898124,10.52468302,14.37462455,9.802281278,7.097871911,7.004243515,13.82538387,5.180943409,12.8015273,0.307553823,6.901712296,3.631334077,38.27595555,13.64420604,4.108016743,8.568750245,11.93243414,5.868388144,2.435393379,0.787690372,11.20147336,9.3016997,1.511812295,5.719548654,4.066652733,2.480256031,24.28556352,15.37651349,32.2318858,17.26602021,5.503753939,21.68510586,13.37625847,13.48697492,8.869915219,6.182785185,18.31050946,10.99092332,16.68834,0.915823791,1.830667793,2.615477338,17.17341043,16.19923329,4.996017382,7.750901916,5.34078224,9.248089611,25.48427176,19.10953337,27.21272599,4.475790902,15.60535912,25.57867742,21.2640432,3.739569127,9.21424858,1.755025638,0.843366423,1.571741615,1.559310779,6.280553152,8.708712919,2.666956065,9.094126521,7.148861274,2.769850137,0.940301863,6.435222125,11.56057372,16.96316538
lundi 10 juin 2019,1.146361773,3.86929666,0.409111295,4.957018837,9.32621628,11.81232542,13.15363905,7.747670219,7.624572478,11.00500391,18.09351875,11.37515077,25.29051394,12.10221784,8.21065718,8.127091863,9.547715948,10.26682496,8.990686012,7.150261252,5.627536487,13.30300908,4.120483033,12.38426514,0.412541078,5.904061379,3.35524658,37.25864813,12.98935011,4.296284701,8.37995185,12.33142458,6.800032595,2.568662366,1.037931892,14.21697963,8.434083115,1.793360189,5.270028236,4.771303911,2.687052464,25.52553253,15.32108879,33.91586985,14.07126084,7.162676372,18.88642791,11.93375202,11.75244788,7.773689677,6.464219097,15.91510752,10.39807748,13.63250701,1.138164074,1.767650931,2.860155598,15.91767383,16.33247519,5.615707213,7.494468716,5.802119606,9.070218306,27.75596226,18.59741511,31.06394606,5.294608152,14.07991138,22.83249991,17.71955135,3.732687995,10.13875331,2.359281431,0.837793732,1.178187365,1.131149115,6.746064344,8.140373766,3.494460905,8.306652871,8.782165897,2.687167682,0.937758261,7.015125789,9.05891155,16.14587157
lundi 17 juin 2019,0.751138889,3.781999983,0.282702303,3.152448777,6.019033497,7.87513458,10.92096556,5.464224051,5.890630562,6.872846538,10.7990911,8.245866522,2.357060868,1.089480562,0.679803447,5.680541171,7.412095258,9.594284072,6.949678089,5.909473632,4.900662734,9.219738131,2.867204014,7.373309958,0.207550449,4.628061765,2.66867449,27.95848298,8.650492144,4.112090132,6.695229164,8.882706668,4.262681366,1.723209327,0.870101323,16.70349399,5.181408613,1.470416681,4.19916979,2.692544023,1.546644646,20.91788669,10.21501732,21.56734851,11.72782843,4.353747139,14.24211096,9.688999384,8.28950976,5.442353961,4.884222011,12.61276357,6.384845232,9.467575873,0.600071198,1.46672121,2.256267688,11.73177001,11.30838551,3.654080196,5.985991669,3.827720716,6.727499165,18.22148231,11.24683933,22.00234088,2.988880444,10.25756373,17.084463,13.02211661,3.327833147,5.552965982,1.270444225,1.112080353,0.905012422,0.739525401,3.137542302,6.662323071,2.018704118,7.236302106,6.288380692,1.7214991,0.446778647,4.91680258,7.595549015,10.42462306
lundi 24 juin 2019,1.01902308,4.230701228,0.417473366,3.817588024,8.168937468,10.53536347,10.18617265,7.513459475,7.023017933,11.06312378,17.06593599,11.33530811,17.76930428,8.783468896,6.375478031,7.218649489,10.93308457,13.34089949,9.516211111,7.349888043,5.031284684,11.28491331,4.14586343,8.577719295,0.309183766,5.903764742,3.569006438,32.06666588,11.81992377,6.75439961,6.227493294,10.62590282,7.900752619,3.876076495,0.979496579,16.88193807,7.328120501,1.803917998,5.300486536,4.690445591,2.304729372,29.17648755,12.99084159,29.17913273,14.17414312,7.291827629,19.6805473,11.12398829,12.32072526,7.478959764,6.751265489,17.40601302,9.565197011,11.41850514,1.115450926,1.95472998,3.045067222,13.98309077,16.10624149,4.042327921,6.462776429,5.28816771,10.4754852,23.75363492,15.04282744,30.49019627,4.067281781,11.59603903,23.88661766,19.76948597,3.538141765,9.171077291,1.594142823,1.211631582,1.471276518,0.958088027,6.276514059,12.81725372,2.299057838,10.03576573,8.741572733,2.127879248,0.643419335,6.526870505,9.95754054,13.79006304
lundi 1 juillet 2019,1.549016978,4.84321698,0.455338726,5.471599259,9.377635574,15.83106651,14.02167976,7.192487163,8.488534041,11.79191861,17.91393517,13.07017442,30.09685867,17.17188287,10.71564315,8.952919631,12.60105106,14.72422259,9.728738325,10.11768332,5.824902432,14.68625427,3.999571481,9.487129066,0.211287871,8.952964855,3.645574008,41.93739836,11.94433158,5.970210717,9.713049876,15.53414969,11.56688702,3.885825055,1.43576111,31.12564349,9.615538353,2.635838074,7.791700499,5.712369525,4.162772227,32.60428648,15.431978,31.65615505,18.86180703,9.082737849,24.64877057,14.8426577,14.49559844,9.922705111,6.321998848,17.29960368,9.734482107,13.9826659,1.197416804,1.834455459,2.546161782,19.2617873,16.80088906,4.959769804,8.114313092,5.763402653,10.00874314,24.91002283,16.5547866,34.52883946,4.775119974,13.79006068,26.62741284,27.41015784,3.358103633,9.170916565,2.127489751,0.96413552,1.670915632,1.176487781,6.149631091,10.69524454,4.840737741,13.02820626,9.994456495,4.46139927,1.034183546,9.442137211,12.42683439,17.87353893
lundi 8 juillet 2019,1.579476261,5.867495035,0.543122824,4.697056572,8.769878592,15.11394955,11.2309368,9.234318852,13.34073658,14.68076887,21.39032897,14.56079912,31.20576101,19.72025111,10.78763842,9.89683152,13.77598991,17.16584825,10.06380623,10.61480838,5.639636965,18.53195118,6.90862827,9.730453522,0.382844071,8.823662837,6.030497849,59.1341515,14.95609439,9.79423367,9.430239716,16.16840979,8.877693555,3.361690298,1.241361471,45.40820519,10.275641,3.413542519,7.853923324,6.549405837,4.080665266,51.78398519,18.11382426,35.01903767,22.33928847,24.92011149,27.0805836,24.42114171,10.38882572,7.109046949,5.140091831,24.397334,13.8690729,14.16977608,1.897789685,3.140019504,5.040322911,24.3804401,17.86179917,5.468112553,8.906021013,8.309794152,12.37154873,31.67739184,21.69342022,49.24699723,6.469802228,16.9540035,30.21042541,44.18996146,5.178788426,16.86089212,2.011124035,1.099773547,1.25914145,1.350205624,6.217354076,14.65844889,4.646868792,18.96669003,15.23389124,3.680730611,1.328331875,8.527800678,22.74714636,24.44167013
lundi 15 juillet 2019,1.331936933,6.192151396,0.521898756,3.524796177,11.27688105,13.88135244,11.59154181,8.415812163,12.56123763,16.15103206,22.69736349,18.46996066,29.39846273,18.07177298,11.85801072,9.868014628,14.45089735,18.50313457,8.599164731,9.560697679,6.997175494,19.3620387,6.668374745,10.42178311,0.449020059,8.620436971,5.831981049,45.75845279,17.59755105,9.331544505,9.701555562,17.61294602,6.690953096,4.045433471,1.384050351,45.30210437,9.786794163,3.733729993,9.976983417,6.661389131,3.983732893,58.18714698,17.48334927,37.00041052,20.99576692,10.74782048,26.83795587,25.17418615,17.25558473,7.403436255,4.183303796,26.00797848,12.01577976,16.72491998,1.97898414,3.181193349,6.941883497,20.32429435,19.78465948,5.477797288,9.061291066,6.554779861,12.54780771,32.68830492,22.16184634,41.90153687,5.047095793,15.08713961,30.44443528,32.83870166,4.826699075,10.91287981,1.75615846,1.197948762,1.38560419,1.686995944,7.455514411,16.59210686,4.547022981,19.5800372,17.95252938,3.655266499,1.711087562,11.94143169,14.93376048,23.48015227
lundi 22 juillet 2019,1.291235732,5.823784175,0.514304775,3.076804969,11.01851286,15.95757936,14.33427484,7.940968091,10.90470697,15.0463731,21.20752501,20.96075783,29.09223771,16.97613287,11.70856066,9.456123313,15.02522262,14.06657342,10.75663027,9.452488929,5.594349066,15.12755263,5.996924578,12.46202989,0.413269092,8.649385053,5.470125387,49.42778454,18.81007372,12.24422057,10.36628758,14.18350738,8.721927305,3.995860011,2.215946552,22.72976574,11.9143624,5.047172765,8.316567573,5.755466719,4.861565459,62.8616342,18.93332093,38.02344027,24.48198489,10.09765538,25.78892697,24.73237706,16.53613699,11.0079062,6.157305395,24.98408099,11.10129667,20.22173419,2.447475271,4.67011611,8.387372005,20.40807498,20.04560231,5.477802827,9.435579844,7.333440771,13.85369328,31.75898442,21.47432569,40.5898668,5.207278202,14.90905382,30.5001113,33.4824358,4.304898071,9.25504942,1.73249326,1.151070414,3.012283117,1.423458435,7.269334571,14.67858575,4.048801561,20.0518301,18.92219161,4.351421743,4.667857044,8.205440638,16.23447198,22.15070222
lundi 29 juillet 2019,1.201585046,6.856556769,0.504932527,6.289824994,10.19664075,19.0635861,11.47440135,8.168583316,13.00805132,13.4874101,19.70006524,17.88291195,24.04788217,18.07046649,12.65101646,9.258571609,16.22933909,13.09315995,9.769443903,10.27856502,5.486966852,15.22550945,4.889868406,16.02027015,0.541083869,8.91565178,4.49000194,52.70832106,18.33961549,13.37373869,10.38788703,14.55917634,8.531583467,3.758595744,1.835362562,35.48375685,13.46512903,3.97508289,7.691237224,5.91142377,5.577204386,61.51788908,18.81568785,37.8754261,21.5002538,11.21591755,26.11034197,24.31200232,15.09616352,12.72797078,5.775259502,25.29416354,12.60938334,14.55527128,1.799341757,3.883205289,5.134337685,18.93702906,18.36663193,5.551244903,9.487086264,7.822124824,11.71634756,31.22343331,23.09795263,38.52961874,5.597920443,13.52217304,31.48677239,34.53447858,4.951955976,9.558051213,1.86576627,0.936104008,2.030727895,1.163309325,6.172672357,14.37790746,5.086246694,21.55923858,22.51679943,3.279747581,3.624617339,6.69924675,15.21123201,21.99110176
lundi 5 août 2019,1.284625681,6.051467812,0.443328156,4.172848754,10.60274144,17.85317368,8.007061213,8.448139901,11.10482792,12.20167221,18.73074532,13.38368687,22.74832634,18.73740055,14.00129346,10.3133832,16.05848485,13.69279748,9.50778949,11.88949655,7.363211058,17.27245603,4.79481367,15.46478333,0.661639116,8.295033334,4.391636148,53.47372549,17.48957445,17.60027167,11.24601034,13.31898574,7.808539635,3.014005417,2.100723597,45.31736585,12.51595188,3.963661014,8.746779636,6.1569596,15.21793605,72.6001472,16.17290308,36.14742377,20.3639611,12.47198266,29.28788491,25.25587926,13.88340595,9.930271098,4.465100304,23.74850022,13.272192,18.00070198,2.151730507,3.980264458,6.258508844,21.3935617,18.89563563,5.403730947,10.6875859,8.064457978,8.630263911,28.2698048,20.42383687,42.00881416,4.835185455,13.47094978,31.85464053,41.74215249,5.592420481,9.92170439,1.526552838,0.947980587,1.86219906,0.876469158,6.470181899,12.67478106,6.722104685,22.8970434,22.12290788,2.862377472,2.632540591,7.145284603,15.8342576,24.98729277
lundi 12 août 2019,0.972941496,6.221969593,0.417112967,3.810898449,9.466929305,16.80054663,16.33439961,8.892232962,13.46482696,13.94547069,21.43443967,12.73080692,23.25480541,20.23761719,13.54121008,10.46579016,14.42357496,16.47500086,10.24407911,10.41697799,4.855270082,20.75739372,3.810437351,15.50427634,0.72627942,8.130550654,6.677906705,54.26831177,23.30903822,20.4452502,13.46639095,18.06709805,8.787019635,3.9958758,1.579401739,41.8759334,15.5854773,3.829494289,13.16115619,7.737914121,18.41283114,81.7360561,17.60592445,39.69250665,21.68921488,14.30603728,32.61077079,25.64544318,15.57253978,11.02905595,3.870574799,25.17547898,14.74648026,14.60156074,2.132634252,3.747455469,4.759394691,20.04701241,18.39464294,6.926401861,9.592043733,9.685183523,9.837756737,30.86840803,20.01667832,52.5143133,6.154766835,13.0627353,34.35597215,45.80437467,8.05959391,10.57832881,2.273273818,1.072253322,1.374943331,0.749295342,5.492222458,12.26426318,6.359212892,25.28907225,24.49302762,2.779116342,2.926071425,7.195615979,18.14188777,27.02791839
lundi 19 août 2019,0.997022445,4.884055815,0.383104275,3.450297297,10.63276812,13.06139975,12.57736739,7.945137813,8.800852723,12.87811672,18.81382521,12.64830041,25.03183066,17.61550747,11.41486839,9.128790967,12.0710368,12.54243434,7.200967801,10.37920208,3.550782166,18.18207596,3.634823964,13.21204723,0.437986571,8.498818205,6.235510026,45.11543666,19.81916005,12.68537251,9.669293948,16.22780658,6.301358081,3.154580265,1.874540147,28.87798806,13.51606649,3.289052125,7.488855547,4.519152906,9.228102979,60.94338623,15.48426347,32.77542996,19.8772202,10.05479981,29.22922424,26.28278186,14.27153093,12.77996565,4.068246871,20.76781576,11.6754246,17.39567267,1.364597442,3.783946904,4.018572907,17.30362924,18.45619614,4.936690504,8.873925658,7.439686311,9.306046189,24.75477642,17.07113266,37.7622763,4.571474996,12.59847844,28.5386148,31.47310364,5.055264321,9.706306393,2.064112323,0.980679776,1.273953223,0.661980884,6.159391075,11.21247884,3.470986195,18.42978632,18.97449857,3.78775617,1.552871858,5.204522669,13.7726729,23.5114571
lundi 26 août 2019,1.081658076,6.196526981,0.506761411,4.20989298,10.60027553,15.35155378,14.02014283,8.806446464,10.57335761,15.62092511,23.13099881,18.91785311,30.30880209,18.12731151,13.45009846,12.13327639,15.11382261,18.48507866,10.56245908,11.45239606,6.079851591,19.94541844,4.300321138,14.18634719,0.452186105,9.354119188,6.124223268,46.09761202,20.23287166,9.286803826,10.62394407,27.44169388,8.434562387,4.081019157,1.675966543,43.49722929,16.57687154,3.124958429,8.070802114,4.938024884,4.597545004,55.84028315,14.53301031,32.8048144,17.94138403,10.75124081,41.62776112,25.28370229,17.17028441,12.25838773,5.381402074,23.13960046,14.33282987,25.01299678,2.91429974,4.216540653,3.735648129,20.98495001,20.67869842,6.981069774,10.2149236,8.720329949,15.86059564,31.55305723,24.56595752,43.38876804,4.518823602,16.80328506,31.30177604,35.99302754,4.901347747,9.679448667,1.997841,1.125383174,1.2903581,1.748324553,6.862695889,11.67738146,4.501318753,20.25416807,20.20501729,3.59239413,1.981504454,6.923869724,16.62446015,26.16602432
lundi 2 septembre 2019,1.327490785,6.173421687,0.528457103,2.53128271,13.43186377,15.43951183,11.6831033,9.738141894,10.81878492,15.50126747,25.710807,16.98485288,26.70817968,18.36856122,14.30611418,14.62142062,15.14435439,14.86693689,11.59948427,14.2179802,8.47364251,25.67095768,6.49471155,17.93772814,0.42160441,9.503134466,5.67856318,52.10354105,24.11813642,11.25152217,15.0029702,16.7761816,7.24915664,2.828380532,1.712120351,43.64861449,15.1056833,1.8271871,9.414966155,4.463742434,3.594919785,36.61684386,11.90742753,22.29718948,13.2463256,10.50841795,45.77149704,26.71844294,17.50438342,14.35751504,5.531366996,24.76075166,17.2445372,27.5985678,1.7842684,3.355404254,4.309018386,22.42436272,18.65162264,9.379320562,13.12507026,9.780673638,14.81953964,40.78908812,27.74921367,42.03911049,4.870984963,21.08862253,40.84641041,29.11656237,4.580033893,8.601644961,3.084711282,1.511966641,2.331790695,1.209532644,6.250532562,11.32664871,5.432425696,12.4007223,15.86516659,3.324959934,1.731115343,12.57137309,15.00009699,25.5227826
lundi 9 septembre 2019,1.287688296,5.312362732,0.438528724,2.064001645,9.753286076,12.2991071,11.80747975,10.29052655,11.09178591,13.26075554,22.40303765,14.50122825,28.5488735,22.68741686,13.6884454,14.43344944,13.29425966,15.55126701,10.37735135,10.85551209,10.25701161,31.34680149,6.390289387,17.53793922,0.52229806,8.117219967,5.812833142,45.21980771,23.20968326,10.46834027,8.71020947,15.88239708,6.93595593,2.885249854,1.546866372,35.31562153,13.65450411,2.45404919,8.694453558,4.791867623,3.22039333,33.64322157,8.296550746,10.09183953,6.397228251,11.47496972,49.85305723,28.0137646,14.58783851,14.10501973,6.518959131,25.37038763,18.10441762,30.83070355,1.601585904,2.199487517,2.821452946,21.91102902,17.54562994,7.054602681,12.35704211,8.04148907,14.17163697,33.80973455,22.28787368,55.98576926,6.743509044,21.1185363,37.75680271,27.09643986,4.859875959,9.566155686,3.530714427,2.416740857,1.814095218,1.545110161,6.361890603,10.39033828,4.445185654,12.22858556,16.6833596,2.421000251,1.796708347,11.37627891,14.72712105,21.66727919
lundi 16 septembre 2019,1.028158,5.518304888,0.432051294,2.270953712,9.683440209,13.76421947,11.54392927,9.921625497,10.00948874,11.30861843,20.92840179,13.89362745,24.04216867,19.94230885,12.91817109,12.69664084,13.86517584,18.00956113,8.724902995,11.59827481,9.025026619,23.42867257,7.33043173,17.06682752,0.813915769,8.124822724,5.174362993,46.22753498,21.50669156,8.564137377,9.257516978,15.9792683,5.515644326,3.167991065,1.073979983,32.0144833,11.28196041,2.055808561,8.003570922,4.242492213,3.195872976,26.93759076,12.04889651,22.12340425,12.84167827,10.82148427,40.81681848,23.41326814,16.23764006,11.5559633,5.016095569,23.46317989,15.32896191,24.7008289,1.103796145,1.528750978,2.21962692,21.56128438,16.743798,6.505556255,11.90248762,8.507629359,11.64250571,38.08661004,21.80825022,54.9773477,5.062290281,16.68657078,35.83974186,25.26120251,4.148881328,10.28062387,2.954151976,1.527351129,1.034408515,1.455445308,5.829389201,7.95538331,3.206520152,10.82415789,15.47828813,2.782808225,1.212028965,7.819385587,12.46371018,22.37759879
lundi 23 septembre 2019,1.238473133,6.667770148,0.497009134,4.671775902,11.09324428,16.66178525,17.97084434,12.6516417,10.51313786,14.00058249,24.64744647,18.06458179,30.08074125,21.25677573,15.59459945,10.33042377,12.55722248,21.70949498,9.870808646,16.43641367,6.76576141,17.37437941,8.077109143,16.01134631,0.882980106,9.383200526,6.169779995,78.66879891,25.1761054,10.620003,10.44691737,17.09153267,8.437524622,3.508772388,1.334725873,30.24814939,15.67946683,2.642517942,9.517644707,4.909404184,4.897868338,25.69783603,16.42790694,38.68488589,23.06222439,11.45817872,43.631404,23.64616435,20.6833794,15.21394238,6.250544822,24.50778909,16.72609559,28.61464809,1.123513301,1.960790789,3.911920334,25.65303838,19.23592982,7.292272882,10.96159652,9.616564881,12.46762259,40.9241059,27.01200117,52.16154422,5.577163736,19.81279053,39.38791709,29.77738025,4.80014504,11.4819082,2.607970005,1.334046534,2.079184234,1.181239491,7.36516748,9.615306972,4.674285708,12.29910627,13.67768567,3.818142998,2.097108329,7.480960377,15.10720282,22.44562412
lundi 30 septembre 2019,1.45404318,6.037358716,0.512693362,3.49710913,10.96895657,16.36877993,23.53346662,12.56229403,9.477930736,14.46944706,24.79677103,18.05416491,33.86867419,24.87895295,14.13746254,10.97968029,11.8092378,19.32828897,10.82079814,13.1488922,6.64888461,20.21174038,8.27794693,17.19193895,1.157783568,8.941415589,6.106717903,53.81814442,24.66621738,12.08226683,10.32365048,16.21620172,6.970393238,3.151126578,1.419519089,25.5994582,12.49116008,2.213369029,10.87878344,7.114701773,3.796617765,22.40487471,17.28366672,39.48034678,22.13465751,10.31579233,42.76986374,18.94784437,17.34160662,15.33281401,6.757850772,25.6593313,17.27966417,32.69442105,1.360853424,1.78957533,3.369579092,24.64487922,20.49589226,8.4464132,12.3180001,7.863931248,13.15934975,40.85459998,25.62202128,54.75327544,8.851009639,19.86796147,41.16620371,31.4888753,5.203114644,13.90927688,3.665534745,1.227497111,1.299500443,0.897533372,5.84047487,8.158171692,4.589914959,10.45501017,13.41118942,3.67345041,1.525140731,7.909769919,12.58673717,20.62711772
lundi 7 octobre 2019,1.719299245,6.650501373,0.480790519,3.624532436,12.55326714,14.40008365,29.18815265,12.14047873,12.68370785,13.39916415,25.0917879,18.62671164,30.70847229,23.27039192,14.52928526,12.1320724,14.54116018,19.38976123,12.50256626,13.00788208,7.770585849,16.87393346,7.032122843,16.72583584,2.341272885,9.044317485,5.495913252,48.46055494,23.36245386,15.25594301,10.436966,15.81604012,5.907497038,3.077278888,1.287142788,32.12506033,14.36902897,2.051464659,11.63526818,6.531859485,3.830944087,23.62379601,17.48112628,38.46472652,26.28080809,12.72407953,45.94371562,19.10707968,18.7196307,14.01477809,6.694584789,24.74925673,20.61240298,27.67807193,1.40534698,1.856987742,6.578048832,25.55846787,20.55913328,9.529454375,12.00161809,9.084674699,12.94294216,36.72054442,28.12559151,56.16084921,6.528636239,19.21319988,42.03463533,31.3980153,4.976682485,10.05344005,2.943932541,1.590939487,1.795025012,1.002044598,5.908710769,7.415923026,4.611945996,11.76718141,13.13986235,3.225384134,1.654275032,6.454792881,13.06586696,20.06338475
lundi 14 octobre 2019,1.344929251,5.43539344,0.465355712,2.8012868,11.00926492,12.96539885,23.58632115,11.65527186,9.792122896,14.38638475,20.8163456,15.36024413,29.52968151,20.54441882,13.04962655,12.2932692,13.16580766,16.34664106,9.944024844,13.50144048,5.697308551,18.5256297,7.900694921,13.98658571,0.707703764,8.248682451,6.016572207,46.83358537,20.30281964,12.53069628,11.2272601,12.86731579,4.919730231,3.071679146,1.306109578,36.18703604,12.6093222,3.625360796,10.82404759,5.49672762,3.314531627,21.57912243,15.59884354,38.23736472,25.09517547,8.258740893,43.71276438,17.45298631,14.67438281,13.24133962,6.206736993,20.93613312,16.56540182,27.05011765,1.858529777,2.101988863,5.269999069,22.88363005,20.38964821,6.969179301,12.73555854,6.575077777,11.08801188,37.31943474,25.77523902,48.35224922,5.104754758,18.31947526,34.64678786,33.22177114,4.312694454,11.3776748,2.698835104,1.251673884,1.326050445,0.951898442,5.399446617,8.601957916,3.941627634,10.15885139,14.14712587,4.664625915,1.424782444,4.736115127,9.435295731,20.44879011
lundi 21 octobre 2019,1.756942933,7.011280723,0.506185307,3.850247861,13.11940365,15.32560321,20.66781599,9.348028234,10.28142226,13.44586341,23.32275512,22.5503125,38.16666183,24.53792655,14.71834485,15.12341004,12.37972669,17.54353845,11.32295756,10.8821674,5.66696508,20.31418142,4.676127885,13.92933573,1.182218518,10.29652089,6.448953094,56.40087069,19.69662304,14.2467554,13.67326497,18.40901524,5.150174709,3.212808995,1.590728221,37.10046008,12.21924567,2.142430927,9.689969586,7.823615179,4.308261862,25.75203946,17.98359738,36.8942088,28.07551833,9.009893036,44.49599809,19.88065531,16.0854546,16.57153628,7.326058071,22.78581928,16.43597326,23.65183993,1.413899559,4.924121794,4.162781889,22.43972883,21.31363634,6.913432335,11.98355052,7.718998653,12.67074418,37.4822954,25.60274542,49.2829579,5.353191336,20.7988943,35.17894024,29.9043769,3.965832865,10.82881365,2.226964936,1.371726251,1.342088315,1.24071955,7.28397142,9.998728194,4.836436806,12.97903918,13.96550607,5.081249076,1.302839737,7.216764821,13.09684423,21.25149264
lundi 28 octobre 2019,1.49743368,7.324891221,0.516413089,3.627204221,10.20285993,18.08427294,23.37944004,8.309401285,11.30544992,14.45714649,25.88809488,20.94850573,29.42803313,21.53415123,12.89651419,14.94065468,10.40717096,15.79239006,12.88708605,12.3949796,6.70431642,21.05688903,3.677990259,13.9362081,2.376923713,9.982429652,6.178028195,69.97719212,18.09935255,7.708825745,13.16369086,14.8888368,5.63979927,3.364121878,1.42009621,39.24435191,13.05927473,3.072242341,9.623011995,6.339866354,5.863777837,28.87952427,18.45374575,40.53070752,25.29595185,9.835530831,28.13808037,21.48955052,19.67329875,12.53765756,5.868401226,22.36067966,18.74200595,19.17775514,1.128403822,1.771767407,2.621000624,25.09342256,21.87273166,6.279470012,13.36612472,9.613264594,14.86125956,30.44109193,23.24327933,48.82986493,3.752214302,17.96364815,30.40480707,29.19095304,3.840159972,7.803808988,1.596730125,1.295910954,1.10280588,0.88973667,6.809679361,6.310778605,4.148090544,13.84580156,12.57302662,3.904517516,1.321369391,5.231547748,11.19809356,23.30413791
lundi 4 novembre 2019,1.522801019,6.929193997,0.504516176,3.322815686,13.66427609,15.1036091,25.01458948,17.410904,9.606525472,15.85892067,23.9278783,17.92733349,31.47631185,25.42946808,15.16876857,17.36693449,9.608797278,19.04215758,10.84158439,11.09161327,9.549677651,17.28132021,7.428520894,20.83902119,1.202092916,10.08380596,6.620057113,49.45436721,25.50654432,14.04681905,13.20596741,15.2586543,5.726539502,3.355318977,1.156351752,31.65011425,13.03123307,2.268233139,9.572621848,5.846769433,10.12992988,24.03226728,17.6616509,42.19857059,24.29974051,11.56662386,52.3764779,32.26040963,20.06683297,17.08441802,6.775647615,23.72499553,19.78827478,25.63103377,1.483683844,2.753304775,6.394313279,24.37691493,18.37937595,7.844714234,11.39189466,8.389453779,15.44773439,42.25004391,31.2154659,54.91613916,7.845009912,21.25496852,43.89349719,28.99124698,4.50764585,10.02708295,2.606458338,1.601355098,1.242684491,1.08057558,5.684009315,8.357128007,3.986628875,12.67730695,12.21460844,3.108247816,1.720068667,6.225237001,11.12213165,24.76127252
lundi 11 novembre 2019,1.795729898,6.777054954,0.512260026,3.48934453,13.26880432,15.1704828,19.20554502,20.10841713,10.96535263,17.28122776,22.27175407,19.87759117,33.15790719,26.44621202,15.14813573,17.21863102,12.92277029,18.60339643,12.78909528,12.16675675,10.8755917,18.57690802,8.611671894,17.62980504,1.209632776,10.46929779,6.855344134,61.33443735,23.93713405,10.57742958,12.85104041,15.82413744,6.420342746,3.032344642,1.255667798,40.43712923,13.12171699,3.284224413,9.867302079,6.87007103,8.825458871,25.26756053,17.10934419,39.77991924,24.21299355,8.685443044,54.67626295,24.56832191,17.78952673,14.96823061,6.932593219,23.54323084,21.07439867,28.53252831,1.496580304,1.813622997,3.757003655,27.73460103,21.88216791,8.57836056,12.90658713,10.24327774,14.45193844,39.45760515,27.0306527,55.32441141,7.355319487,23.55411066,43.47044827,31.59612902,4.128987738,12.70210525,2.614735728,1.139332233,7.310520616,0.922383743,5.935841876,12.14558934,5.261273634,11.4657642,12.02482275,4.948236175,1.662487264,6.22818519,9.383450168,23.89682977
lundi 18 novembre 2019,2.07207114,6.372187185,0.490015575,3.5084944,13.7654519,15.88207668,22.37737025,17.74058768,10.12567115,13.71747312,23.62753725,22.73550251,33.1725539,26.83250087,15.73606839,16.21683607,12.79084607,16.4469771,10.98484313,11.61822787,8.919423642,18.60929129,7.543959343,18.56834546,1.113204528,11.03231511,6.911399458,59.62281439,25.05857598,11.04720651,11.45806595,18.76970714,6.618368302,3.631674985,1.097319451,32.86495106,17.29179397,3.352441302,8.881193139,6.161931192,9.335204622,22.81318018,18.67410963,41.85038648,30.42948236,8.525387578,49.35515709,32.32176832,16.28326914,20.51121113,7.318736308,25.60313974,20.11335167,25.47214098,1.478031989,1.829446525,4.882426659,24.9372902,19.71558386,8.393173898,14.14707923,7.962856866,14.99268941,36.86142506,27.72562164,51.66511696,8.742696529,20.7386202,42.09007434,28.98122141,4.918684147,11.93871294,3.081184902,1.224729567,4.376822676,1.326380632,5.795335082,9.952267199,4.080638835,12.6898116,14.2656931,3.411839602,1.728976175,7.889209252,11.63264272,22.42908176
lundi 25 novembre 2019,2.402722119,6.564143805,0.536728135,4.695399395,13.30938915,16.77288629,25.73788056,14.04210191,11.2215935,13.58610547,23.97634266,19.79136114,35.58922393,27.12229983,16.12891906,14.96691246,12.87879562,16.63617723,14.66962496,11.21035305,8.130298552,22.39751998,9.084978941,18.55258081,1.464891013,10.42991191,7.55009398,53.16763929,21.15068267,10.38073888,13.82372646,16.91245906,6.699963396,3.820757109,1.695413466,34.35270278,13.89669768,2.77553078,12.00948103,6.784401713,6.884774396,18.64877418,18.46585403,40.37317611,23.89704794,7.831537269,48.73047765,30.35623548,16.45897499,14.9608123,7.438886863,24.41760554,15.83941337,29.0643869,1.171019048,1.800752766,5.163913145,28.47762814,23.77799103,7.749045467,14.08100256,8.098730197,13.15821834,41.56559599,30.69255693,44.61312889,8.673512051,25.82164016,45.25973061,25.46841087,4.511511743,11.61356452,2.950163535,1.191700711,1.956251932,1.279486633,5.935578764,9.80871548,4.496594199,11.14364197,14.26876285,4.164627057,1.596040087,7.065216765,12.09710516,23.63766573
lundi 2 décembre 2019,1.682431943,6.279749958,0.427976697,3.351257373,11.75490064,16.86793685,18.19903879,11.75818008,11.34619657,11.69046762,20.28002258,16.09017884,35.4942614,22.49867915,13.2135376,12.08843808,10.89284343,13.69489753,11.09310416,9.601733553,7.047386692,16.38090005,8.436160594,20.32252244,1.27625803,9.581517762,6.755636155,45.49734915,19.20011909,9.797011285,11.1932882,12.59233135,5.018923981,2.582378956,0.902485256,39.75482248,13.78064135,1.977881067,10.00955,6.235819849,4.283565292,20.91322985,17.20606433,35.17333752,24.93767689,7.051161526,38.38501933,24.41398138,14.93776338,13.83323132,6.69910666,18.78771324,14.68387848,23.96915669,1.331453608,1.323305098,4.503158243,22.28430074,20.39034654,7.232679841,12.1185581,7.456185899,11.70729706,31.42658495,26.36270372,40.75911611,7.819601802,18.04671492,38.82071331,24.62748336,4.090460697,9.868272751,3.11974145,1.19076544,1.631021492,1.162291923,7.762519466,9.196963602,3.865391797,9.733469662,13.00195257,3.689905541,1.428390179,5.91310331,9.271226799,17.38878478
lundi 9 décembre 2019,1.865810389,6.50257146,0.508672343,3.075048084,13.1157387,16.57682939,22.01197249,14.09060912,10.55488731,13.53375229,23.57761711,18.4707523,34.91121176,22.41238514,13.93491673,14.07035798,12.05276544,14.89757245,11.66059871,12.7923342,6.805273602,19.71909293,7.87202518,17.70828729,1.351874206,10.84269808,6.225873906,45.09643463,20.81255445,14.99524309,11.12200502,18.11879164,6.387970496,3.575882967,1.164824535,44.27159343,16.6934949,2.018409445,8.706015741,7.446518892,3.155194943,18.6959854,17.76348191,39.45584731,29.45806449,9.82071151,46.5427608,28.60296444,19.15272084,16.91820211,7.654364948,23.23701517,16.12674666,23.96639916,1.480688294,1.463703298,6.747911567,21.96091228,21.74289957,7.636660316,12.25007851,8.906715643,13.7277307,36.45589996,26.74475373,49.93619879,6.839929504,22.05537281,41.39831668,28.13278367,4.8112921,11.46074513,2.711653159,1.155388046,2.701815178,1.269477241,7.376243517,10.16318223,6.169409382,10.61286041,13.58299603,4.876220305,2.004948316,5.426805601,10.87563501,22.8901671
lundi 16 décembre 2019,2.083389804,6.732557141,0.552803995,4.050348204,15.20323641,16.52237837,24.55579335,12.02309766,11.80685688,16.30964947,24.89701875,17.94404473,30.20684098,24.87171944,13.17088178,13.79600176,10.21559404,20.33806463,14.56752977,12.9217556,8.767950268,22.16307186,8.668766209,14.58195809,2.075548964,11.12562673,9.62576805,43.84580326,18.06766836,11.95088505,12.4200632,16.28635597,5.362592657,3.781917078,1.812758443,42.18387701,15.21883699,2.259006853,11.55920847,7.25264589,2.937172905,20.91829158,17.104873,38.27741399,27.49663827,7.624384054,40.05299648,25.10110566,16.4411661,14.88309569,7.438997617,22.59151346,16.20987467,22.73620106,1.442498171,1.768733325,6.104995659,23.23321832,21.70570346,7.697762354,14.32461333,7.335358689,14.98229614,39.73781389,25.05393485,45.33747739,6.877481604,22.94281221,37.8630124,27.33187385,4.658216336,7.060136495,2.651170446,1.170687461,1.366986012,1.240300279,6.465590062,8.463644724,4.090481784,11.0955514,14.1815935,3.814997006,1.309237786,5.03250543,9.069909977,19.41462413
lundi 23 décembre 2019,1.527974611,7.467082209,0.579681838,4.026243256,14.2166995,20.08510145,21.60814288,10.24132277,15.82014417,17.44581113,23.64712215,21.70370243,25.88173969,23.69895391,12.10869007,13.71491436,8.796560132,16.62634966,13.67976193,16.67047711,7.869729513,22.67462665,5.537919028,8.234738291,1.687115733,14.03579444,10.57096604,40.25432573,12.65954284,6.548046712,13.43104169,17.63722289,6.146334855,3.294113139,1.997274396,31.23623593,18.95016199,2.135471256,9.969978465,7.904154194,4.264421911,24.75896763,18.72229581,40.98311401,26.35194304,6.639365347,19.7780156,16.96730344,16.59844106,16.84262561,3.737527741,17.99539005,10.30011645,22.08830963,0.928537121,1.383639685,3.276371861,21.24675392,28.35350663,6.732883433,12.69515193,7.086547524,15.04111517,32.57067943,18.91140817,39.67908248,3.615304709,22.62932288,20.99169256,20.5757862,3.896035785,4.696157498,1.424917419,1.149276271,0.46444619,0.904357176,5.853798588,4.191554736,3.298789174,11.18563753,12.77053222,4.503642527,1.558658427,3.99810883,6.803729072,17.49577848
lundi 30 décembre 2019,1.692261378,6.997203529,0.594609112,4.371031008,12.88550282,17.10639966,22.46858503,7.698013164,12.39512471,14.82393557,22.05476885,17.22576082,28.01481118,24.7912777,14.15276192,16.83291361,7.581751888,18.31176246,12.26335515,13.59373484,7.861306083,18.51748462,5.220753064,15.93691926,1.113310585,10.5741574,12.43365746,38.92892852,19.02835737,6.178902772,13.96526169,16.35319604,5.315267171,3.808207494,1.782688777,41.61313716,17.165248,2.282912924,10.33813271,9.124925497,4.929972715,20.97816048,22.41626141,37.65591513,27.97192006,5.97761905,28.69422542,21.3641143,16.57869455,17.58159258,3.802577077,17.51421084,10.60198625,21.84012151,0.802606678,1.588421813,5.17768124,23.355296,23.58767086,5.783259055,13.55782797,8.285817499,18.08270872,29.11265853,19.64085243,41.71179174,4.428608623,22.46711754,30.73915352,23.21816625,3.994154871,6.663294351,2.259400866,1.42999356,0.805957637,1.606810303,3.586318656,8.62293855,3.031189625,9.709191966,12.41483351,5.642741773,2.063722506,4.088891518,13.00170937,20.58687959
lundi 6 janvier 2020,1.585560196,7.382646902,0.550418683,3.119787277,14.3205047,17.41772663,27.61511141,13.11610117,10.10964703,13.0122412,24.24781241,18.58472621,33.15059534,24.50000263,15.10655795,15.52923628,10.04141112,18.75236064,15.2526172,14.30467791,13.6525548,22.13011278,7.541760763,19.42678851,0.986185897,10.6713862,8.609619194,39.44759733,22.30038013,11.9818744,11.07510089,15.63276285,6.13966122,3.508319098,1.541644578,34.60615871,19.74479806,1.489353317,10.95196982,6.609862816,4.527181382,20.00389915,22.96690992,37.99617208,30.184821,6.693792769,46.52130365,29.80270308,15.43333579,17.89774675,7.311535881,20.61403136,15.93499606,40.69706708,1.055858393,2.282396304,5.299632291,24.82146652,23.57630157,8.001185328,13.69837868,8.417260865,15.78500002,34.29243013,26.80874099,50.09561094,9.163186228,24.88033257,42.17999943,30.50920192,4.00859129,9.361889549,3.278051336,1.559471395,1.869348153,1.289886845,8.051813483,9.152828567,4.533233561,13.60560874,13.59765826,4.880662354,1.193752814,4.805855963,11.00774876,19.74333273
lundi 13 janvier 2020,1.601258768,7.326072054,0.550423262,3.300184773,15.64633672,19.29804893,24.87903032,14.188565,11.0273791,14.85618303,25.44145935,23.06116578,31.08461424,26.30078126,14.60107153,16.65410524,12.89727504,16.9475201,12.46664979,13.79883061,12.23128026,19.93635409,7.205943688,20.21120115,0.849356726,10.9573995,9.645440684,45.68644142,23.67709281,8.166498449,11.49888523,16.35277959,5.243913598,3.06910296,1.510466926,31.89141272,20.9398276,2.133805988,11.84763476,7.928842458,3.536883979,25.9396194,20.82788182,40.77310833,29.6450023,8.372028557,47.54741727,30.78151028,19.23186413,19.04680617,7.8976409,25.17683987,16.71632348,36.65079267,1.169226896,2.102275492,4.774260682,30.64672515,25.40696811,8.547532776,13.70509626,8.831233876,14.94989688,36.0143247,32.39231085,52.95885647,8.530142415,32.4975657,44.95252453,27.48986369,4.544263797,9.191401103,3.01430942,1.333168155,2.095112304,1.33875098,5.185162308,9.628740833,3.88893056,15.28461512,14.55755941,4.266716824,0.769667966,6.060855012,12.3509443,20.62614161
lundi 20 janvier 2020,1.696091773,7.234134598,0.529893436,3.507302944,17.3645302,15.4825584,28.50951374,16.3892675,9.781597548,13.53377169,23.33893325,22.17552034,32.24453824,27.08635547,15.9400758,17.57275383,12.32606575,16.95617995,16.67246126,14.4169845,12.8272451,26.57683775,7.703406215,20.95758595,1.149448834,10.85775743,10.44114709,42.04489629,23.39756824,9.76940759,13.48328041,18.32973945,6.479556885,3.513982392,2.238198099,39.19629232,24.94242971,2.45717022,11.36389711,8.043377862,3.827086945,20.93461526,18.42325402,40.69218839,28.16183767,6.424784587,47.14524989,32.54969689,17.21123982,18.34426622,7.779267348,22.20379681,15.80295859,36.42711696,1.36421298,1.760644448,6.085766719,25.31114357,22.26560899,8.291479902,14.3258649,9.072434155,22.54166776,38.16512015,28.30953178,49.86174886,6.929953818,27.03652383,44.17655966,24.47675871,4.996444254,11.81952238,4.099252968,1.208288968,1.788727495,1.564484945,5.238353177,10.40248588,4.097885225,13.41299022,13.51157661,4.092853019,1.055481283,5.169851812,10.6988857,18.98105127
lundi 27 janvier 2020,1.857854615,7.75850285,0.568657818,3.025986269,16.62632951,17.45526688,30.57119396,14.04596661,9.769295721,17.44767396,25.22115443,21.87053659,34.90731232,27.25348313,16.33423389,17.63979194,10.99234333,22.96003931,17.56843423,15.56583103,11.25417594,26.02608742,9.483486403,19.96327738,1.181950425,10.03752569,10.83990517,46.24647611,21.99178222,9.816203046,13.7418301,16.91565038,6.247822251,3.012373442,1.446008982,42.49081493,20.88919981,2.493266697,8.836007637,9.237600674,4.255153271,24.05474282,23.36421022,44.08978717,30.01421537,7.155581549,50.76501764,32.71307807,18.85216574,17.79021874,8.59997846,22.4656194,14.18836145,35.08682196,3.197330516,3.883830304,13.87686778,26.34255838,22.96344126,8.971213132,13.81963973,8.386045203,19.68549344,38.23911816,28.78678489,48.52984878,9.582405446,24.07558788,40.94890403,23.42141929,3.876247605,10.13054167,2.919944147,1.321058513,2.308945815,1.406783416,6.92422178,12.15594595,6.679785378,14.53138507,14.90991933,4.267376737,0.995281176,5.20460186,16.46213748,22.07265421
lundi 3 février 2020,1.799357418,8.137389321,0.58005223,2.263168073,15.3143801,21.52020929,27.53640613,15.32168694,11.55795547,15.43552271,25.93421343,21.68650298,39.12178342,25.36131678,16.28579896,17.0366269,11.42536011,18.61846562,15.50016026,15.53411223,14.18318044,24.64008738,8.724618942,23.71744908,1.71623004,10.95563625,10.77965607,43.70730321,28.39220662,9.16074206,12.69758449,20.33667084,6.799732912,2.331504152,1.59881153,33.16821168,23.81978877,2.341152007,10.5302313,8.969345685,4.114724377,22.19897948,22.0513781,41.37233152,33.87935704,5.933691332,52.02195647,29.30359659,18.8874411,15.61459314,8.433966539,23.69702636,13.69718143,31.29548051,2.266830303,2.903868364,9.820878201,27.71113573,21.57140302,8.855633072,14.55347199,9.685469353,16.23853687,40.2490812,31.75243023,51.5116175,9.746465252,31.02755416,45.684803,27.73629258,4.107231381,8.504101774,4.245175608,1.490987393,1.372113585,1.417486317,11.59505863,10.60046213,7.261015367,13.87837249,16.14309989,5.960561383,0.883315326,5.092747627,14.40304174,27.58932291
lundi 10 février 2020,2.073248208,6.989533643,0.565493873,2.451387216,16.83724919,18.92552504,25.30348884,14.18319931,13.09807482,15.03079342,25.0738482,26.33329224,34.09629243,24.2673017,16.24880969,13.69948662,12.15405867,16.07772549,13.62105877,16.79818694,11.16203171,22.83799219,8.679325138,20.85336591,1.055910228,9.251259213,9.797374406,62.14923319,23.08853404,12.23444016,12.67490892,21.84971757,7.244334328,2.61145786,2.024136389,51.74762675,20.35819901,2.799952604,10.04783519,7.587654173,3.582372826,23.8084455,19.55413713,40.87239021,29.20814709,6.614763648,48.40126773,28.78040402,19.61320485,15.43288678,9.06748348,22.88434129,14.24663575,34.96245152,1.672959753,2.096129191,3.468504028,28.59089857,20.81448175,8.856235658,12.04296698,9.369633406,19.64694804,41.36312932,30.62566669,54.3491056,9.867676648,29.10258714,45.34884062,31.38874347,8.505816393,11.01345154,2.508321425,1.327771035,1.05839615,1.235459203,7.207488954,8.906437944,5.451052772,15.32928183,13.53713286,5.905680902,0.964346607,5.231452966,15.35678135,23.47381354
lundi 17 février 2020,2.341278449,7.161375766,0.544829041,2.640561358,16.13126589,18.40263561,20.90689965,10.39561855,14.06783651,13.74391008,25.25882988,24.94836362,31.51378976,29.00384114,15.87438445,16.00931398,10.83743005,15.01610089,14.71546648,15.80340865,8.178297832,22.87157644,5.424943965,15.75050897,0.754431016,10.4078756,10.52379488,50.50542586,22.46957773,11.0628722,12.37038876,18.22232096,6.3021591,3.837003306,1.830925353,43.14018186,17.88541121,2.505520989,11.74751488,8.182659686,3.125361572,31.44411585,22.5127861,41.66886505,35.25660127,7.870409047,38.86297181,17.34308491,21.81589297,17.8578696,8.28861202,21.69798394,15.03564508,27.97069343,0.925300235,1.77776317,4.566470731,24.98276338,23.70895111,8.847488666,12.79087474,8.775269214,19.03462753,38.56561703,27.71095071,56.20657081,8.768222973,25.76753955,41.99569499,31.68861865,5.919248664,8.476329523,1.929944277,1.635119309,1.83993424,1.360881488,5.983649964,10.31045863,7.788891072,14.83559823,13.18805277,4.389869107,1.49015287,4.512920686,11.56268444,23.11344482
lundi 24 février 2020,1.947139852,7.708832856,0.625282743,3.018466217,14.3120279,21.19352421,23.42285698,10.49423908,12.18866175,14.1331284,21.79380655,21.3871446,39.35708844,25.67025959,14.33369145,15.86906649,11.61112976,16.9015232,15.56675691,15.88325214,8.655494309,17.09047622,5.24754506,17.71161503,1.094353305,10.21520102,10.24255669,51.80300977,23.02602484,11.11608346,12.6036873,22.47894047,7.43862233,3.322425135,1.722992773,40.48340732,20.88596308,1.877448192,11.47153712,7.334890973,6.729665762,27.76600928,20.54175678,42.13183457,32.71892909,9.047638778,47.33320124,22.70940729,21.07518218,22.08971446,9.278749383,23.72932504,13.37545965,26.66808887,0.977247116,1.633492641,4.62637153,28.54594273,22.20911074,9.178905308,13.14272516,8.763535177,18.04184421,42.58207694,25.3032005,58.61228643,7.355152681,27.64206351,40.62747845,30.79603685,4.516399304,10.27550071,1.744840333,1.060055826,2.601975481,1.558962904,10.6889495,9.902947245,4.294526132,14.81694291,13.9861667,4.236834567,1.416220318,5.744228141,13.95024511,21.4635129
lundi 2 mars 2020,1.86884265,7.552316812,0.626299193,2.896696256,17.05534954,18.33903967,26.64967084,14.90909103,10.88708641,14.95309607,26.56169625,26.35157149,32.68783705,25.0752365,15.83937112,15.98133515,12.57338998,15.45515711,18.69284477,18.21400871,11.17110945,18.95149925,9.472312221,20.8762996,1.213697438,10.41347554,10.4891057,47.86035146,25.75212741,8.461504424,13.4614282,20.13719676,6.095663723,4.313406579,1.221485872,43.69320014,19.89966194,3.30403313,9.588721484,8.047046929,4.149579304,28.60058105,23.72934671,42.39571133,35.08780999,9.261512879,63.66395277,28.69894835,19.31951438,17.4032506,8.744150661,25.41180974,15.50047632,41.63821356,1.658583277,2.444189055,3.892109657,25.77678187,22.30691022,10.73265925,15.01555652,9.811196383,16.10076471,44.955089,34.57172799,58.31717793,10.2187247,32.25732853,46.33208423,31.20846516,5.652644999,10.46394047,2.313191342,1.205015079,1.141642837,1.251977134,10.13231532,11.43418012,5.702038009,14.74331455,16.44035693,3.610721822,0.971654661,5.954860083,18.74747414,22.15583744
lundi 9 mars 2020,1.99935426,7.015873481,0.557597799,2.792025283,18.49496653,20.60773405,26.22284128,15.25289732,10.49924053,14.85005905,27.40111444,24.4666088,39.37862768,24.99427861,14.65365676,14.09263095,15.45322342,15.90145982,13.13015325,15.70521447,11.13024615,18.5734793,8.736011735,20.03058706,1.424057009,11.75918311,10.91888772,43.0246843,26.99313582,13.01337702,12.76677449,20.40287819,7.040685723,3.679565813,1.189510282,38.56097824,21.8982456,3.480984359,10.37450919,8.132228176,5.233206793,27.22576354,23.56053472,40.76778645,31.51418152,13.24269381,57.55697684,33.1688308,19.93240399,16.98517057,9.004805834,23.55011838,16.2727478,43.67764588,2.349850564,2.404213348,7.256682946,29.43454813,22.65439966,10.45505728,14.33349172,9.047186214,16.9615618,46.22546322,29.56610673,53.68241898,10.33127919,27.00535318,46.03750403,30.86330733,3.93941307,10.04696146,2.36095483,1.639247656,1.502706829,1.749799246,10.16201185,11.29301452,5.409434623,13.90659199,16.78728521,4.109509171,1.287109844,5.561776504,16.96448027,22.92972619
lundi 16 mars 2020,1.989117702,6.998095696,0.535484604,2.727349438,15.53162282,20.45586471,25.11883089,13.38711313,9.872794824,13.05379731,27.77656154,23.02706595,47.25459077,25.05818403,13.62047561,13.3970796,10.71962362,17.56955876,15.69235862,13.29338649,12.59537271,21.05559712,9.161925153,17.66000283,1.025402265,9.754997126,7.357161967,39.04806618,24.42453027,14.13690218,10.39203521,17.6573511,6.053768643,2.88751525,1.33859316,42.07845265,18.55881444,2.102189782,7.279943223,7.225298082,5.463398681,26.14404562,18.31044065,39.99197181,34.29943958,8.509563534,53.03039229,30.16755337,17.48695366,18.02100576,9.130349479,22.56095506,14.59107891,30.47375512,1.635362518,1.809837916,3.75875193,27.70341737,19.15550223,10.58167948,16.074751,8.548964442,15.33063161,41.56314156,26.42496285,51.19709614,8.671962806,25.12942101,43.82932845,30.14416815,4.679799446,10.64813024,1.96584311,1.254524913,2.080113395,1.618696208,6.559828815,9.921396609,4.709655202,14.81110316,14.66576177,3.960811667,1.669024589,6.659646964,15.77506966,19.99013359
lundi 23 mars 2020,1.90892042,7.359573375,0.634462952,2.942494425,17.08176861,20.24564466,23.69001588,17.54778027,10.51420022,13.63888524,26.66090912,22.58989142,34.2184006,23.90184904,14.7358565,13.20755656,9.811380441,16.73556088,13.24801622,13.26576977,12.19401874,21.52581295,8.013512665,16.86431081,1.242044383,9.252971455,7.108393524,50.35764716,24.417509,13.21511095,12.56401322,20.11616951,6.293695897,3.72470927,1.539153293,43.74203808,18.95861025,1.899267943,11.62976526,7.302511193,6.004183678,28.79694151,15.97018505,34.92522839,24.40138003,10.79080713,54.34478539,33.35607939,20.5628876,19.33456378,9.057868332,19.54576069,16.96482509,29.96541994,1.864460299,1.903969832,5.403159744,25.50674856,22.01352328,9.992246808,14.5627614,9.423742421,13.94449753,42.2580558,25.41997505,55.69921791,8.140858994,26.98423126,42.41435377,31.0478385,4.495275238,12.64577697,2.556803257,1.431831544,3.566450184,1.339204908,10.74818522,14.21549333,5.334849433,14.92865024,17.90886333,3.151379572,1.663843695,5.691810673,13.27729776,22.18013425
lundi 30 mars 2020,2.054749967,8.062954675,0.635592212,2.856414232,16.50173789,22.85762237,25.56048991,13.01908571,10.93873233,14.20248906,25.13579785,25.2575486,34.53828816,28.65181459,12.49239068,16.49230261,7.866928389,19.27874683,16.26807436,17.50092885,10.7177128,19.59765391,8.659687664,18.47840655,1.174381298,8.628420527,9.535236013,53.03394501,26.04535514,9.973430745,12.71260539,24.29943639,7.294215653,3.514692919,2.502999903,40.31402867,24.74139821,1.876827978,9.409577194,7.816485137,5.702544719,34.40422349,16.44660493,31.4101619,15.80453735,6.5405998,55.69777191,29.02848612,21.74230393,20.19655991,9.759901142,19.81001495,14.31448153,27.97417745,2.297746816,2.286064348,3.93671223,22.93610407,25.34406476,9.970020433,17.46902977,8.280741106,15.3259006,49.64709971,29.03897935,57.23859869,7.787687919,28.91218964,45.03067322,28.96794366,4.259882475,11.00932083,2.094212501,1.434419584,2.244988255,1.082412399,13.51105512,10.04463597,5.324638045,14.0616161,16.68302366,3.842438472,1.174495316,4.953324511,12.53749742,21.76840759
lundi 6 avril 2020,1.859590987,6.58825771,0.629223827,3.675322546,17.49159395,25.49995123,25.02354056,12.22600508,9.558208847,13.83345431,25.2017792,23.27111655,51.55722842,23.75399733,13.49141171,13.94104243,10.00989365,15.68498411,15.04746499,17.15686031,11.10784405,22.90938775,8.702611989,14.63251904,1.264809965,9.558787596,9.521190562,56.18830393,22.89563841,7.9555304,13.9342199,18.7716241,6.891833467,3.559442165,2.329719844,38.90639503,20.76801582,1.771267155,14.5452263,10.10683389,6.092734924,38.54608278,16.74141371,29.1485004,17.1793659,7.848956185,45.88839552,28.62278513,21.83486723,22.06738211,9.962479549,21.3344159,14.04141767,28.16349837,2.264605757,3.745333559,5.892485054,26.84273149,22.15694158,9.933508591,14.75761817,8.791841228,14.66474754,46.44053004,27.36418722,55.48117874,9.81674984,32.8284902,46.72240933,28.90271097,4.132977052,10.86454537,2.475918381,1.335450558,2.614894702,1.602188319,9.569838405,10.09903177,4.670954749,13.69189448,14.88053776,3.930671778,1.551226442,5.931193972,15.34988426,21.49913426
lundi 13 avril 2020,1.779828417,7.732477577,0.605530878,2.613426366,16.01628839,26.08488906,23.8978213,10.80890104,11.65315069,18.27191082,26.9808539,21.38065101,42.62939818,22.19635445,12.41455493,17.57892663,9.887997253,18.6387589,13.83580247,12.48123034,9.29656733,23.12538539,6.044544779,13.80559861,1.295195071,10.66439744,8.766544853,56.27715131,23.64357536,8.546585296,14.36322427,24.10868267,7.361781749,4.5465965,3.197049847,42.28347096,18.43299931,4.131971131,12.24342107,8.835390706,7.53970813,59.98475966,16.68161756,28.33382929,15.58664765,11.65706783,41.95890486,29.96070148,22.49541613,23.65975265,10.93693075,20.52307098,12.67657113,22.95981527,1.9810776,3.148915711,5.696136714,25.98265532,21.7805764,9.378743769,12.79072149,9.247573924,16.52307414,42.67245146,24.4437715,63.19806758,11.82445745,31.70832822,40.37501821,29.59959273,4.601564233,11.88814119,2.545257205,1.307152056,1.767806366,1.279437872,11.49795279,13.50241974,5.131411229,18.53655209,17.60016558,4.55888218,1.95332582,5.178960093,20.57083607,24.34939703
lundi 20 avril 2020,2.747250832,8.181392287,0.697155598,2.948583755,14.79148287,27.65464466,26.14727619,11.16434803,12.14019695,18.04453454,28.65163224,21.84495604,34.79047473,23.02304813,14.94729905,15.17213569,9.996858486,18.85226509,16.23740544,16.46059085,10.0944374,19.48376759,6.420844873,18.19392717,1.213454211,12.27267548,9.712812543,62.19170128,21.09547322,8.493854454,17.24006163,22.26940969,7.252218332,4.781802476,2.147503136,39.27275129,22.95808991,4.911486538,10.36181935,8.909662641,6.622007598,47.33455968,16.92525657,32.57313997,15.093874,18.13419484,42.90348832,25.14914864,24.32124676,22.20634951,8.167307365,21.74530081,13.47561706,21.78336756,1.802882169,2.43198897,4.86489486,19.39784176,22.01146021,9.461224004,12.77240411,8.482089329,15.07446619,45.19707087,30.7558774,66.86795673,8.449856192,26.81882,39.67436306,26.8383603,5.040620977,13.71121368,2.386036311,1.54492879,1.36575587,1.036827312,8.951746616,9.123845746,5.434445163,18.35213296,17.19711018,5.243806175,1.611640315,5.327032811,21.47440907,23.65998105
lundi 27 avril 2020,1.713343804,6.972554141,0.605862477,3.180812738,16.63062762,25.18793415,30.98945761,54.61079822,13.94186137,15.18550046,26.38764634,22.41134235,27.48258052,24.86954029,12.12669046,12.66152285,9.566579555,16.11447256,13.70995377,12.68784688,14.74228187,20.33965314,7.623109464,20.42867474,1.463114476,10.84340564,8.197479256,61.38672889,21.56196039,13.04161798,12.85365721,20.24007638,8.267229523,3.506124886,2.908112399,39.76333862,18.29130698,3.064534829,9.264264838,7.740175626,5.31373312,42.70368844,14.81216827,28.49050091,15.42607678,8.139064839,46.554985,20.50793694,20.56186201,23.48685561,8.618678971,20.97384385,15.07609516,28.84477599,1.753491458,2.231326731,4.0555251,23.27502383,22.08461182,9.157043524,12.01455484,8.190514312,11.89389124,42.12864209,30.1718283,63.43602243,10.2506477,29.4904483,44.14731533,24.35616797,4.618494301,8.81408637,1.990627304,1.447923136,1.952367889,0.971446059,14.55573061,9.205596779,5.39347798,16.87385213,15.87236781,4.897042896,2.218255703,5.379122882,24.60333591,22.43840476
lundi 4 mai 2020,1.685479493,7.722043309,0.682228052,2.770973462,16.81022385,28.04020207,25.98740849,64.83472122,13.65228996,15.70618499,27.24530488,23.62860428,37.70208021,25.51190556,13.13022036,14.0840155,11.3327412,20.24818376,13.11707192,14.94424334,14.59991436,20.9664139,10.04425344,22.02457659,1.362706717,11.68836671,9.382573913,69.4326785,25.06550876,10.41747007,13.87426759,22.23300772,8.544272052,3.451115368,1.782284143,39.58791164,22.61966452,3.011286234,9.535757222,8.431265359,6.301308708,38.16519739,14.82734637,32.5387654,14.42424168,5.743179692,46.77222494,15.94947113,21.58143854,23.79367526,8.761857207,27.99872446,14.89711606,33.48290233,1.430618335,2.098155237,5.320784001,27.9952281,24.81850809,10.61916546,13.85560043,7.42148982,13.994613,44.75406606,31.52749859,60.0403803,11.6341516,31.54769715,47.2587777,27.27569692,4.429670059,10.01245173,2.086116246,1.363905308,1.704486753,1.143502662,10.52496831,9.165325379,5.047925039,13.95205456,15.47981913,5.614549955,1.581842441,7.209640427,16.91844039,22.21702193
lundi 11 mai 2020,1.665563261,8.102187299,0.626301302,3.180591768,18.15112873,28.93273794,26.79508944,77.33565207,16.06406158,8.43239348,16.73317615,13.27684063,37.11820444,25.4811516,13.30794716,15.63704755,10.2795818,19.72581865,16.66965056,15.04769221,17.57850593,20.77507644,11.23114376,19.61289083,1.056605251,11.40348991,8.500425867,64.80531769,24.71939246,9.346680814,14.56888374,23.45500005,10.29704401,4.089133243,1.46764255,38.45399245,22.10152239,3.192019792,8.859039139,7.735760764,6.32971642,35.77120956,14.82813437,31.05446227,15.85667043,6.626498369,32.06104937,14.66360132,24.37719288,25.42986016,10.45563226,28.08621072,21.08968166,35.02159429,3.203452128,1.930688145,4.588270871,24.57004266,28.39078535,9.508732567,14.00298086,9.646919022,15.37863548,47.37338783,35.58008591,59.95580941,11.95245448,28.93673178,49.47023143,32.5123903,4.330377483,12.05076256,1.749823677,1.311454321,1.517489022,1.463933196,11.78155718,10.94001923,5.340058042,14.56797778,14.64912003,5.772399677,2.148531275,3.357738065,7.036313557,10.9853517
lundi 18 mai 2020,1.932955984,7.325371702,0.718563724,3.403268742,18.05010396,24.84485794,27.68890595,90.28889322,13.17203291,12.7576345,25.25019328,19.04151399,41.02140106,22.3460344,13.18348254,14.17150101,10.11093931,18.47169704,15.86420542,14.79787389,15.12826707,20.19795922,8.224831699,16.86198174,0.971783334,10.94119743,8.104849977,58.02829646,20.25712625,8.808849521,13.39641302,21.64531769,9.403500892,3.977570654,1.825023038,35.71910525,21.38435191,3.1569589,9.13819764,7.698285807,5.318195507,38.33210143,16.83792379,33.71258785,17.02519683,8.340132067,35.28509256,19.5216314,21.60685811,21.54588517,9.296195621,26.05216289,19.9487376,31.63038058,3.02648059,2.583865548,4.98446182,24.22112809,25.61749064,9.308442799,12.54836712,8.288216168,17.60472131,46.01803709,35.78601184,58.58171214,8.767150904,26.1335487,44.37280657,30.72622234,3.740276649,11.94152575,2.6886023,1.420678686,1.829122282,1.749272802,18.64091862,10.79085193,4.996349697,16.30474866,12.89235837,5.565027637,6.083630138,2.83739479,11.52213227,14.03041218
lundi 25 mai 2020,2.029439608,8.211228694,0.642540898,2.788430732,14.89899123,23.71596025,28.20677125,60.72824302,13.87429786,15.65654429,26.96944593,20.25941983,32.88972498,24.23081803,13.10703453,13.22548592,11.36876914,24.78096003,13.45127723,12.62976218,13.35507124,14.86988266,6.700575661,13.89517776,1.386102398,15.12278337,9.547959522,63.8519398,23.22921028,11.50000285,15.50035403,23.5396112,11.83485154,4.318269872,2.515705048,43.68481116,19.609843,3.948194124,10.2317555,7.890687666,13.22993463,50.47260089,16.68620712,33.14129815,19.61252314,9.971147904,41.40066684,22.30077505,24.1323358,19.41175876,8.217927629,34.7085828,19.60497116,32.09727837,2.723404788,3.421551228,4.007825538,26.17075002,22.42915583,8.544825728,14.06193348,8.717760628,19.0527303,40.38743724,32.66584854,63.18339729,9.243206576,27.36289286,41.97881489,30.08206342,4.805402799,9.189334188,2.636716553,1.334730376,1.870698829,1.081816104,13.22909629,11.47660243,5.641466578,19.99163173,18.30548368,4.407343101,1.741091589,6.713153529,21.13349373,25.1945351
lundi 1 juin 2020,2.605779016,8.17330505,0.641290543,2.764078493,15.28664707,27.49959954,28.13441014,33.72351224,14.25510062,16.98642179,29.03699439,26.31238613,47.7502667,28.36142579,12.17191854,16.61975797,10.4548937,19.64735913,17.12383013,16.94077455,15.45367693,18.74931139,7.684405482,16.16227426,1.24319053,9.633139584,8.056682237,57.29864094,21.56295095,8.371537678,16.74817798,21.12459713,9.321817655,4.984171584,1.54319133,45.64316976,21.12510124,4.459326472,11.07805039,8.289904014,14.35831127,38.68952201,20.68940959,32.14653542,18.66003134,12.39199281,41.72637388,19.00481973,24.7311572,23.5987579,10.93530188,36.26343661,20.87867105,42.03930928,1.707045589,2.312718443,4.015884096,25.37676589,22.33736621,10.17238697,15.00835398,8.921246747,16.68293331,43.20622108,32.93247433,61.05473352,8.975825907,30.62293188,43.68845981,28.91787822,4.795236804,9.72088976,2.387137686,1.39297468,2.072354815,1.415686837,12.41294733,14.4669517,6.534246763,15.988386,16.22540617,5.36901052,1.724596559,5.879158332,22.34264121,23.69327855
lundi 8 juin 2020,2.235768918,8.390415548,0.645782403,2.975304543,17.64591327,25.78433382,29.01233376,62.2506361,14.61490689,18.56300497,27.34371675,23.54343017,36.63733368,27.18244497,15.04883067,13.63662233,12.05157998,25.06515033,15.29657783,14.71989781,13.26134702,18.44461194,4.588396339,14.29955802,0.977241559,10.55161771,9.062896524,55.98847893,19.61312512,5.779827588,15.51206291,22.01540688,11.19051499,5.799213546,2.196797221,39.63651924,21.79719923,2.667485458,15.01499436,9.323043358,12.33633293,41.88128273,19.17422257,31.9874409,17.39171953,10.33340385,39.66114782,16.93702475,23.0852763,25.35286407,9.721833478,38.00489683,21.77994201,40.66433316,1.799005364,2.738305344,4.248090691,24.33569232,22.65377357,9.723765438,14.04761278,8.857084681,16.33990952,40.58392009,29.52123464,59.79799754,8.20904771,29.12138346,40.97193269,28.31651324,5.863800486,11.28410554,3.050407644,1.768194582,1.758228656,1.26171648,11.12908195,9.855792059,5.238542886,16.33204573,18.20568566,5.748100457,1.721139215,4.931227064,16.57496491,21.09697033
lundi 15 juin 2020,1.95229484,8.917116196,0.676218307,2.791425914,17.62411535,27.43692383,18.7852369,11.78756787,11.55677565,17.6625245,24.57428555,20.27639853,32.35532661,27.65365522,9.439109705,9.792936542,9.125518675,18.56877292,11.18385482,11.84548583,10.51487274,18.0138766,4.745771691,10.53803581,0.59593697,7.159575216,7.527351345,57.20874549,20.89719922,8.274380537,13.81756071,20.25663569,9.752379124,4.345533446,2.753250515,37.1324657,16.08976541,2.705538224,8.360900626,5.683318646,5.246189384,33.31034686,16.77200444,28.84451591,16.34474134,9.098879173,36.80988148,21.27386466,15.9645033,20.02767632,7.531521728,30.79010997,16.91115777,27.17417166,2.421501186,3.571793032,4.23422025,21.45157458,21.75981005,8.578948114,13.36524524,7.60287427,12.840069,30.84912337,21.62817335,49.79689308,7.207996764,24.32264256,32.21199249,30.59677189,5.673962399,9.570977441,3.108491685,1.29040313,1.891246427,1.367762274,12.27070959,11.61767225,5.669379316,16.3626488,16.27009445,4.97716275,2.291626967,5.007193166,18.71779772,22.63458292
lundi 22 juin 2020,2.130640675,9.276614084,0.701380193,2.728113563,19.65553962,25.48595002,22.00892779,15.68734457,15.34193867,18.28266943,27.78102697,24.57854853,28.15904461,28.97015613,8.225701755,16.01214194,12.40067083,24.25162097,16.08717967,15.87626305,13.28359503,20.42872696,6.184201969,13.45652614,1.398359629,10.40580026,8.703286495,55.48379084,21.08402085,7.427696066,15.24394677,23.97583159,12.62269052,4.503157124,1.763552598,40.77223148,19.32220322,3.048507022,11.55432527,7.757655875,15.10969428,48.5460256,15.18521693,28.50237709,17.38935481,9.269033187,41.01110879,16.56921643,20.78828645,23.64413239,10.9508512,29.6458844,18.61581429,35.89710728,4.634681576,3.250030087,5.77478591,18.03244911,19.39833914,7.124211183,14.31864712,9.037756447,12.30595973,44.13405376,32.33098786,65.07381329,11.11048337,33.82036502,43.76685698,31.11986704,8.883797653,13.78760353,3.279782734,1.383327186,3.313845558,1.153802053,11.50284911,11.63770622,7.767272916,19.79593699,17.73573513,4.080644092,2.058476498,6.75709441,20.97627184,22.49477175
lundi 29 juin 2020,2.264780389,8.056138108,0.705174079,2.869166412,15.2379517,24.5528811,23.9367564,69.22488027,15.7238089,17.09518126,25.54231982,27.73534836,28.68128784,24.49806256,8.484658202,18.12558304,10.55893165,20.89028201,12.18486662,15.75427023,11.69921976,21.3936382,5.63534239,12.4490857,1.383158751,11.89478625,7.506031405,56.90308552,16.56241209,8.527215653,15.62231993,22.55969676,12.70661822,3.275069045,2.272987635,45.62677114,21.79623683,3.168488953,10.60084969,8.587285908,23.27457333,48.0166988,13.88719649,29.242109,14.73260974,9.544958557,40.87367613,16.26435562,21.866491,21.77527761,11.12447199,28.73582095,19.6834768,42.90385609,2.277274814,3.167479603,6.137972457,23.06497705,22.3098279,8.614732833,13.34438401,9.258012517,14.58256983,38.41548193,28.24984934,61.20242149,10.33567175,32.69236717,41.58277107,29.25597117,5.53220155,12.07627989,3.860393084,1.473499965,2.808331163,1.239238243,10.32181379,12.36330399,7.887090388,18.32315452,16.96642174,4.462616805,1.784581066,4.644090619,21.99467177,28.66186109
lundi 6 juillet 2020,2.551912065,9.666095814,0.714679549,2.925369769,16.51555631,24.71766919,27.8347734,30.9862105,19.76170077,20.18230658,31.17720874,28.09423818,29.92858214,28.13462343,9.825543388,16.98234392,11.50837117,23.10962003,12.54911243,17.48229544,11.79758733,27.48956044,7.066116879,16.74263917,1.394958608,10.46901868,7.424623623,75.61886231,22.26060903,11.21179673,15.27278858,22.78005187,13.26754031,4.283281949,2.863728675,45.56411926,22.8487227,2.911082679,13.86667175,9.127463955,20.03109557,63.10430615,17.50669089,27.48116244,18.87463298,21.06247189,45.437166,25.77238801,23.5895636,23.86808704,10.69190389,36.07238009,24.72360764,39.45024222,2.866476376,4.747647852,5.702894884,22.83555508,23.15267718,9.003539786,13.42876168,9.767986248,14.15962708,43.13410945,36.40819834,79.13126138,10.90185505,29.31806719,43.33248444,37.8214529,7.182956819,18.56660129,3.673950657,1.560994923,2.48649729,1.329436429,10.55080125,17.42171901,8.017414037,23.29204422,21.34900465,4.928415507,2.383331343,6.282369139,23.8843323,29.52485143
lundi 13 juillet 2020,2.242108429,8.980001095,0.674039994,2.515799497,15.4344998,24.89857936,21.94018388,20.51816392,17.41125498,19.22755468,28.37163258,31.4392937,29.69878767,27.0200937,9.662958287,15.28503586,10.84259818,21.02688194,10.79911129,15.8543732,12.96071052,23.02761888,5.341925731,16.63331214,1.231511612,10.35093455,7.873500912,63.99548199,20.67186634,10.80154063,15.13201465,20.7025133,9.619922841,4.139789072,2.517358734,44.25278481,19.55931129,3.510736134,12.77128363,8.061928965,7.673296723,66.07231284,15.73449621,29.38740663,17.06052529,12.05426968,40.09983647,26.62507419,22.39165697,19.44970541,9.511098773,31.71491354,25.06368206,36.47146985,2.6162797,4.557191761,5.824386585,22.86301811,21.31105716,7.966776208,14.04744742,9.026297411,13.3234234,42.83297285,30.25534361,76.04168615,10.4057752,33.1600737,43.25681582,29.65742374,7.571163104,9.81027202,3.999226707,1.662941616,1.729292913,1.109009411,9.612089033,17.00577649,8.115598044,23.68557208,23.32723833,4.430197051,2.606283012,5.622080471,20.5783147,23.89094181
lundi 20 juillet 2020,2.326806468,10.36801038,0.787474153,2.761501831,20.08105526,29.72951695,22.31438607,15.42392362,19.82434948,19.32748272,32.04397848,36.99454364,34.81437603,28.85443614,10.89019417,16.08197601,13.08727481,36.24153956,15.1635743,14.83090984,16.50855822,20.93424666,7.968558772,24.06102732,1.573718758,11.22397147,10.60317997,70.86693668,23.73451514,11.64466786,17.64037017,24.72805709,15.65964566,4.781906161,3.281168289,55.22953685,20.31240558,7.177489266,13.16867444,10.35012823,8.928133192,70.54545378,17.18975665,32.20833181,16.51877543,14.10808254,44.37636364,27.64791174,24.46217346,23.70426013,10.38318144,36.56489451,27.26580479,45.80526083,3.929501484,4.461223634,5.90121789,24.62908027,22.61786164,8.213974959,13.1480978,9.89659513,16.48191704,39.21349931,32.48371746,80.36255718,12.31465954,38.27725034,49.23226212,36.96348204,8.487594386,12.11721659,4.579053169,1.668823808,2.205104043,1.294593125,34.65792765,17.3584453,7.777055314,29.12935511,29.04195729,4.763424087,2.716874689,6.339486686,24.03799649,27.29200946
lundi 27 juillet 2020,1.792872854,7.360680423,0.544505423,2.72577583,26.51237882,20.85751863,18.94635772,15.93692152,15.45758654,16.52872533,28.61420466,22.23792698,23.16518578,20.92201182,10.98756231,15.87592749,12.39466183,20.14502653,13.89619795,16.11661902,15.54311909,15.64531462,5.46011719,17.61377482,2.002307686,11.45273512,7.024968531,52.14360004,20.28583952,9.499639547,16.45209514,22.12998935,11.77808424,3.873604388,2.690552428,38.79622281,17.96033934,4.978400532,11.02552427,9.10081014,10.84430508,69.72361311,16.76475862,21.98902414,13.23397315,10.13709551,33.53490609,20.60781658,24.1018739,20.28466978,8.683270476,34.62712114,20.03239002,35.13038079,3.737641388,4.030456982,4.705025911,19.60755564,17.77531716,7.208494745,11.81366242,8.48498604,12.93320347,35.73729439,26.25049974,64.39688063,10.22570871,27.3547247,38.1707613,26.19439593,6.871985708,7.380771063,2.204063638,1.521263556,3.215443879,1.064293347,19.67935929,14.35195343,7.495492084,26.4790778,22.50731322,4.260758202,1.953964934,4.840863322,17.62951846,23.12276982
lundi 3 août 2020,2.117192172,8.587375669,0.742821607,3.109906027,17.35950777,28.49499841,25.92397839,14.15428299,17.90097235,24.86690902,33.68573574,33.21015743,35.07352286,30.68309291,14.47587808,18.14856973,13.52644227,28.47108045,15.16571558,15.64705609,13.39235728,26.89532959,10.34584749,23.69632183,2.333585122,12.66576544,8.851262253,88.01975025,29.90156151,12.77741751,18.59595972,23.80805749,11.84982803,5.165821465,2.691677087,56.93110687,24.50516361,6.813579464,17.29949489,9.797316485,9.659136156,97.19205774,17.97009429,30.0143114,19.13150443,14.43318909,45.52614141,30.25349649,27.93503463,21.77996512,8.171369289,41.74755952,28.56160605,44.30977448,3.51142995,6.097621856,7.813352577,26.31578575,23.01785662,8.814860244,13.64232455,12.6229166,20.64685346,44.69408784,34.48061773,82.98339301,13.30724219,37.96376778,48.91604769,39.13178376,9.980331903,17.22698568,3.003072787,1.632624169,3.56304021,1.032560125,45.05382875,19.18644554,9.228390645,37.59795498,31.44962531,7.446629033,2.870899424,6.971800139,22.92555722,34.03233114
lundi 10 août 2020,1.973595138,10.14686571,0.767491857,3.184281868,18.33875932,31.98606053,30.3201246,14.07959888,18.08012751,31.81708406,35.56327934,39.40556575,33.62088221,34.75347607,12.77407352,16.16824258,12.70720725,27.43470665,17.10063507,17.02191767,11.30621413,25.06490098,8.875900854,26.86255356,2.719454024,10.14384059,9.255474828,93.78390568,26.99051883,14.20658125,20.20245083,26.89359671,9.889648279,5.918952062,3.186755078,47.04017162,23.60204716,6.526572571,14.65163704,12.39241098,12.05955641,98.2703142,18.46161372,27.81632887,16.10909342,16.16433633,49.68347259,40.24026734,22.94869481,22.0654933,6.018958013,41.80386923,31.62628767,43.14535528,2.929697832,5.310755472,5.716661575,21.22617856,22.64512635,8.008633628,14.30347929,11.49475917,19.64714629,44.12411887,32.87791203,86.28954696,14.2395425,40.92099761,47.02206561,41.78127324,9.24119732,17.98657748,2.792789301,1.923165062,2.097981986,1.345787507,37.81113087,15.03495076,9.714710197,37.97542328,34.10994824,6.728231739,3.016737634,7.703830356,29.39166048,29.81767313
lundi 17 août 2020,2.485180052,8.697277533,0.837217398,3.483951782,18.29147127,24.64597471,24.43848932,14.28160387,18.56524958,24.37904448,32.5747513,30.99769188,37.15155613,31.81248188,14.50580869,12.76269283,12.70981427,24.76844939,13.53410289,18.45940593,11.06084326,24.14404109,8.061730077,30.55659375,2.44243833,10.49630872,8.382986245,79.34977497,26.4077391,18.51374492,20.07076496,26.43370019,11.1469653,5.484369086,3.307895448,49.64475374,20.78803248,5.242962434,14.80874309,12.4220341,19.13871285,90.57494922,17.5529098,26.45272678,15.44892205,14.364724,51.41653225,30.75223178,22.98263708,22.74644881,9.266126943,42.64363408,30.64503126,41.33843088,2.789524504,4.793456358,7.401831568,21.30378589,19.35130656,7.01717161,12.38211493,10.7185076,16.73465534,38.32012286,36.96314688,75.0650428,13.28214555,34.65311829,45.83829624,38.33885416,10.21193503,16.69989035,2.42399071,2.012796084,2.232344033,1.31320801,21.27402642,15.86178533,8.636374503,31.525831,31.36666268,5.125586211,2.891754213,10.2128241,23.81452717,31.75036563
lundi 24 août 2020,2.227017622,8.465832131,0.687946815,4.183185431,20.49303116,22.37387556,22.45196016,14.04978473,18.09914074,22.33435996,26.28183119,25.00867183,32.95805413,28.05687956,15.117572,14.25437006,11.12887913,24.62875528,14.14460499,15.02415398,10.25503582,19.93320048,8.894277903,24.23746407,2.025338017,13.03742369,8.948961357,65.75827216,20.25268404,14.21112104,16.30512381,23.46709715,8.519084536,4.19117964,2.135013472,40.50709802,21.4440482,4.454162391,10.83612957,9.018648296,10.50103932,62.64774933,14.84402594,25.70881943,15.8897846,10.50865258,44.46988223,25.81530521,24.59929831,30.93982806,8.223359518,33.56523064,25.99445445,43.44214068,2.370903115,2.781834179,5.354649343,25.15465371,24.99726631,9.164779824,11.99680543,12.52456699,14.97487545,39.58831647,29.85613624,61.78451813,12.78129819,34.62551343,43.40092056,31.97409071,9.070424438,8.625949472,1.724172834,1.582085832,1.766303452,1.034490615,21.20090446,12.49622565,6.461485719,21.46763846,19.09214906,5.001024412,2.306329362,6.238311908,17.3236746,23.06301883
lundi 31 août 2020,2.360146673,8.863531066,0.833488111,4.207105484,24.69924901,24.25714436,23.91041062,50.0153219,14.63529998,18.7174831,28.19354912,31.74949637,39.06857668,31.91800826,13.93272685,13.74339997,12.76081918,23.24788171,13.82288769,18.45201768,9.818566062,19.97008557,14.56373931,35.42077589,2.068270155,13.2444754,7.661763268,30.99166252,14.3974823,9.991285648,19.85672822,24.13942864,10.71597439,4.183584107,3.467818255,40.37330253,22.83195567,2.869455195,14.93416786,12.24756146,9.482266614,55.57705647,17.1370317,27.65755471,15.14673257,13.11148598,60.99049029,51.58520032,23.85580254,26.14444519,9.182085749,44.21273942,35.14938133,53.17467851,1.609794751,2.481894336,3.697069657,34.67196624,25.68438186,13.42352191,13.38675404,9.677824675,15.51728037,42.46463837,38.24924493,73.32124962,14.33426275,41.09029375,61.9579817,37.30929327,8.915190364,8.794585247,2.541535878,2.017356086,3.158457073,1.149932023,33.89277666,11.43490851,7.384365592,20.71625715,20.89162366,4.085746156,2.009475267,8.421570476,20.2150393,28.13403194
lundi 7 septembre 2020,2.245193909,9.042871157,0.739621856,4.786534014,22.89679081,27.11177777,24.52307837,20.38362015,14.38245482,18.05766402,29.2458176,31.9464131,46.46157341,40.133953,15.10666997,14.04730727,13.57073125,31.08559605,12.60541608,18.11055872,13.08731077,25.95661033,10.74237638,36.70977266,1.867114659,11.1839861,8.18634565,78.07923933,31.50208408,12.95190845,17.31457518,24.52575621,7.995050142,5.278534054,2.340898401,41.11698316,24.4716162,2.791980004,15.09925355,15.14258607,7.382369303,49.77942469,16.55430486,28.27606179,16.09866316,14.57712834,57.96959291,36.35678507,19.57772683,24.09727225,11.17797327,47.46497711,33.16438694,52.18142465,2.697673478,3.364576288,6.626649396,32.93472901,24.6351098,10.96232018,16.02104693,11.98573495,18.5577842,42.05513713,38.49366552,78.13346728,14.80105154,39.09093009,63.63772564,35.85490816,8.216986038,18.92668535,2.626286034,1.814967043,5.346830897,1.200865164,35.57830981,12.1567226,9.789455368,16.47526653,21.34746619,5.066663102,2.317640162,8.426859622,22.84108622,33.48783431
lundi 14 septembre 2020,2.268130069,8.739140997,0.88522404,4.446743865,18.68102486,22.97021641,24.55919534,25.26970576,22.46774181,19.85549733,28.44926648,32.07712599,45.23926648,38.3305747,16.00233042,15.32950899,12.89649949,30.35394293,15.7108778,14.34449061,11.26069277,30.35923193,10.5146122,35.36339128,1.624397206,10.71515294,8.526121791,123.9734617,36.28728338,22.78304426,16.66458969,25.88173844,9.319283498,4.518834505,2.33379073,43.75663509,22.96370257,2.706407864,14.14021949,10.57398871,16.19719362,52.04930376,18.69463607,29.74537534,17.63350511,15.56722021,62.43266119,42.33810863,23.08077035,21.65074191,9.143819152,45.73216498,35.06613009,51.0378942,2.159676949,2.792694369,5.442943079,33.84793778,26.20334411,11.85578886,14.37658049,9.993663909,20.49153979,44.69455487,39.89778468,83.78435888,13.62189406,40.70780515,65.36182453,34.22950193,10.45488468,20.11882211,2.717798857,1.796285302,4.240462924,1.250557246,35.75113734,11.23152946,8.802194152,16.15630078,22.29105229,5.177627229,1.777087985,6.896224438,20.30280663,36.85560876
lundi 21 septembre 2020,2.817488813,9.91391027,0.755110553,4.290418906,28.37615149,26.48507129,27.20452244,57.00099655,23.0195759,22.25850785,30.40656297,34.49133138,43.31984662,35.26885624,13.65458329,13.99505984,12.59042508,25.50164696,14.05325052,14.87407487,11.67045516,22.6308943,11.84059309,36.65563042,1.208364594,10.54622978,9.306929796,94.3295564,29.43769974,15.57684566,17.80901357,25.57589025,7.610751835,3.084998894,2.362853765,36.40606909,20.22658091,3.149038021,14.07235435,12.40690789,16.64116343,46.61519335,22.63627203,32.83361616,19.57972778,12.81664085,61.03913036,41.14519979,22.33784065,21.72200248,11.20954172,47.65499284,30.7982509,53.59673973,2.023367904,2.507604545,5.651666177,34.63028904,27.5732769,12.00261414,15.40060699,9.807954068,18.83290314,43.2010863,39.85154132,78.72249778,15.06115871,39.31101953,60.11323232,30.25974126,8.931532194,13.59613196,2.77592608,1.599414971,6.560798257,1.978592355,28.36207154,11.00945968,11.31642195,17.35840494,21.1304126,7.437361314,2.229660403,7.954731619,22.6793232,31.2745594
lundi 28 septembre 2020,2.391376331,10.53902326,0.815272337,4.787174875,21.56715716,28.8884606,25.88890431,73.55287357,21.33210609,22.6795035,35.42853692,29.0747086,40.08966848,35.10576048,14.20413703,13.77347647,13.89905054,21.84979788,17.60003606,15.26230489,13.1743036,23.26262196,12.19507463,34.2820128,1.815016227,11.04519933,8.873850304,94.60301895,30.86792153,22.91388964,17.97995844,25.22955343,9.922203777,2.796768139,2.460477444,24.95811248,23.04950927,3.545244341,12.16613085,13.91778577,11.54300138,40.0216181,20.3099031,31.3170311,18.11816548,13.52098653,64.65304479,31.60090333,19.68878042,28.25159582,10.79140198,48.87671035,31.52160044,45.20385616,1.483755801,2.541809153,5.445251024,29.29614754,25.56588056,12.4681372,13.14385333,10.05172374,19.70813713,46.38061491,37.76258767,78.45697457,12.6488543,42.64370199,62.11222079,34.53039525,9.276317639,15.26413638,3.84871689,1.644311421,4.458762833,1.609019191,27.94292915,11.15409944,8.069532575,17.43800332,21.61273962,8.946178717,2.352639349,7.877466734,20.610529,29.63042856
lundi 5 octobre 2020,2.911801318,9.381119375,0.737363544,4.666768992,18.40642382,29.42628965,27.55826066,26.2002712,19.02882385,19.81252697,28.6261878,27.94303505,38.46983118,31.92649515,15.06585653,12.34726843,12.95728094,28.28783279,16.72597827,14.08586588,13.2795198,25.98000732,12.14347764,30.21690683,1.600587079,11.53051414,9.105554983,99.344986,29.20502192,17.1478929,16.14067156,25.00048778,8.147948011,2.408931516,2.027018448,16.58073552,20.57060099,3.997101876,10.30219287,14.1295473,7.204183686,37.42966394,17.94620432,29.64543109,16.6882101,10.61426707,59.57263464,37.47304497,20.0540996,25.01008781,11.34301098,42.99166266,28.69942203,48.23982745,1.544579121,2.588265339,5.264968801,27.77554653,27.51686473,14.13765192,13.53240422,9.422776596,21.50720911,44.58748271,42.86714598,74.16976793,11.38966989,39.26664044,59.30582677,32.92774145,8.636130357,14.07047815,2.854708837,1.775466108,3.010343144,1.586340109,20.05079352,11.42090957,7.450629384,18.67864657,20.85282494,4.108616996,1.61586249,6.837671424,22.81619453,30.73932994
lundi 12 octobre 2020,2.380013914,10.32868205,0.825486355,5.256648517,17.93264601,31.56067579,25.86421951,24.52633485,19.7223654,27.74573204,30.67708655,29.04257021,41.51966925,35.28794183,15.66425228,13.20379937,13.77558005,25.55411178,18.54138612,15.20644967,13.17750145,31.35758101,10.43467071,33.85641635,1.980078066,12.47726244,8.602319694,86.86823803,31.36368888,15.49038605,17.43751393,26.97150842,11.32930583,3.855627137,2.283876149,30.31023741,15.06116101,2.766722996,11.6720067,13.36316297,10.92402443,42.40316542,18.25085017,35.40851318,23.44729284,10.79304721,65.34765259,33.79170197,23.98440295,22.90744844,10.30042344,38.78366491,31.72491513,46.70358762,3.958933659,1.95278906,3.901811452,28.56674161,28.59934761,13.05642657,15.28306553,9.572346504,20.91721495,50.12296313,38.66333667,72.97986429,12.22813239,45.80114266,57.20820472,28.38118702,7.19020388,13.29838135,3.92298863,2.116311901,2.621940095,3.205920174,26.34170382,11.82689451,7.03503709,19.42449808,20.02199356,0.256658433,0.09339703,7.263407451,18.83848889,33.21261711
lundi 19 octobre 2020,2.211614789,11.1567754,0.79091793,4.531678096,19.63579735,35.28201553,26.17120514,17.52547864,17.2712391,24.03974145,30.96107694,28.61733267,39.86784046,31.50221973,15.3421387,15.07272116,12.1622318,29.04646807,15.23732471,16.54566466,10.37479241,25.75974336,8.438656375,37.3420005,1.732406026,11.04662737,8.129700811,88.75434687,24.46098034,14.18326148,19.58386516,25.2728342,14.93706566,3.491497769,1.459519398,45.90945963,16.78141787,3.514022016,14.1917386,14.19882018,14.22257022,46.5751882,19.79150609,33.82524109,23.15206716,8.722992153,66.6503107,30.62749385,22.07669122,25.56395189,10.52678788,39.73887183,28.78598691,32.63311083,4.641307004,2.395691116,7.176189776,24.87134254,27.38844731,10.35295296,13.45354218,10.45675437,19.10278794,44.64292579,32.78560502,69.88910953,11.46401465,39.61681662,57.12273305,28.36381113,6.305510819,13.52173611,3.056911733,1.973482198,2.015123761,2.725812728,15.17236137,11.5835072,7.033044814,20.17906595,25.4949358,0.570959633,0.135206161,6.730772218,18.51927038,32.01281647
lundi 26 octobre 2020,1.737022646,10.22949746,0.806825254,6.658002929,22.24629469,31.51177883,25.38929237,36.99550578,18.13339813,26.62860739,31.17214913,31.92003865,43.68978387,36.20735575,14.47869566,14.30356297,12.95162708,25.62891307,17.67700357,16.44638345,13.73754383,32.04452574,8.172345468,31.57862365,1.808389672,12.72834804,9.45494152,89.91355861,19.81725899,14.37277443,21.80243574,28.6097435,13.22958251,3.960592878,2.450189415,44.36443475,13.22017822,5.032197661,11.43399881,15.14005538,15.12201469,49.73526155,22.68389232,36.28912801,19.47148286,9.685080217,45.24547841,23.86525104,23.2487013,24.87524818,8.394426622,40.84561373,27.47474015,36.09769382,3.382561092,5.045853115,6.641773495,26.8019411,26.89519215,12.40219264,12.28956649,12.25447513,18.4114409,49.75026943,33.08461552,64.57097503,14.02980215,35.8562388,46.84466025,30.83010465,6.183087689,11.53477217,2.118987648,2.464497636,2.073437364,1.828559329,18.11297981,9.187340054,7.103952883,21.48470831,23.96870477,0.16160853,0.04348701,8.780728987,14.41076322,29.95428123
lundi 2 novembre 2020,3.221221743,9.933405619,0.889775694,6.165048972,21.8095997,34.10006351,27.09745958,18.27702764,16.38847227,20.97205346,32.33676681,29.64109981,39.62000743,33.87817351,14.94931038,15.1371593,12.77923041,30.75578472,16.5342419,17.45729594,13.64380737,26.01672017,10.15625886,32.32533528,2.085851387,11.74003156,9.753851564,99.8760934,24.80243916,14.69575788,22.1157093,26.42994157,12.1573909,4.156478165,1.734605559,38.55324517,15.71759608,3.298469123,12.54964973,12.82690493,9.460226454,43.36687506,25.7851815,37.53134546,21.6818018,9.501064055,64.11948547,30.33547027,20.05728643,21.58190132,9.177120157,40.06861638,30.36398764,40.7214181,4.465990326,3.954716516,6.794433831,29.16565541,31.74889359,16.00673561,13.01919929,13.32217521,15.85471093,44.8201525,38.72066215,74.97868367,13.89142271,38.82035985,61.88103206,31.16810472,8.041460928,12.72174155,2.992139717,2.328239471,3.343651943,1.662402442,13.77054733,13.99964345,5.89096412,22.35510068,20.32977001,4.742685841,1.117771282,8.395120278,14.84974041,35.49325493
lundi 9 novembre 2020,2.130804177,10.26551186,0.921733253,5.515729777,23.49717622,32.92643533,23.38778348,19.90107743,11.29389037,21.39292747,30.5939722,28.78810512,38.453666,35.35441817,14.47819246,13.72045539,11.9874997,29.03045172,15.50327481,15.01523686,14.00296529,26.65150785,9.344729975,27.90905752,1.89878317,10.88791597,6.982745002,95.51292644,26.67615376,15.60765165,22.54372222,26.27097512,10.89072568,3.984578686,1.682117945,44.78633214,11.49041578,4.439066143,12.99247374,12.85409059,9.228504551,47.66894202,29.67864919,37.95378509,19.86777043,10.55865695,64.30596187,35.11009989,21.20243727,23.40039637,8.578633253,38.84868166,29.99323297,40.41830217,2.640330715,2.6587007,5.085172676,28.78968637,29.83519675,13.01395897,11.94924264,12.11588573,16.14011257,49.34551028,37.58563286,72.47698934,13.50855175,42.11938736,58.10852852,29.24696988,8.427789251,14.59909958,3.165607277,1.930735218,2.175813944,1.815877405,23.25129188,11.20898322,5.639054109,18.98543676,21.24766354,12.35892292,2.973749263,7.741680019,14.93672163,32.04547909
lundi 16 novembre 2020,2.232172971,10.09729155,0.777337514,4.923411104,20.11142243,29.66664379,27.90778236,26.47838417,10.76882255,21.88883843,31.02901426,29.58914973,37.73196422,36.315506,13.26470228,12.42214875,12.47244934,23.60940977,17.85294122,13.68968012,12.65118838,24.8142263,11.02444339,27.2171958,1.793751489,11.20368613,8.175343761,88.35116788,26.42773037,15.71155471,21.7150073,24.06435331,12.29752581,3.622944057,1.799809322,49.43141496,11.80539863,4.471892983,11.08435001,11.94053027,12.99094366,42.17465498,32.52437995,35.13091418,20.43072908,12.3367944,62.62295342,41.15608041,18.71323781,27.45617513,10.56435115,39.5903379,28.64310345,42.01013725,1.901389533,1.768137138,6.618636826,29.91963633,27.01474776,13.62921865,13.22180446,10.54791336,18.46840559,47.40089008,39.30928803,68.96187767,14.23714236,42.37140022,58.23738672,24.19625163,7.951405967,15.39387574,2.783506749,1.810162436,2.410121885,1.94024126,20.88294825,10.51504873,7.949874588,19.83206273,19.98521675,12.97771156,1.736959907,7.625525212,14.44116745,30.97743063
lundi 23 novembre 2020,2.231755094,10.14887814,0.793840617,5.88620602,20.55290697,31.25043042,24.95611787,34.01974335,10.15546328,26.42989484,29.64426543,34.48391752,38.7975703,29.89562811,15.80119629,13.1091524,14.26180191,22.22921616,16.34861833,12.51405954,11.32822998,29.66270519,10.62511289,24.16454012,2.109450842,13.43195013,7.967774878,102.6789877,24.86163077,17.77080813,16.97192765,23.04238205,8.693259404,3.000890801,1.640138518,30.94342921,14.38960033,4.44350919,10.98273412,11.21364477,9.334741564,38.66439764,30.36252388,35.91180933,21.03200921,9.716481678,61.84392274,30.59389935,17.85554528,21.05071019,10.39392812,37.70933939,26.66485166,40.64261588,2.283383011,4.467308898,4.493397301,29.66847918,26.80144105,14.85146101,14.28809124,10.05678777,17.96953612,43.46880508,36.98167972,67.75105192,12.94015348,39.85221046,60.99078229,29.22706751,5.876781396,14.00815844,3.577375451,1.685144341,2.064890136,2.811368115,21.53855986,11.37460397,5.549440363,16.52276943,20.99723151,11.50805019,1.800842967,7.54169452,12.79505467,31.89673032
lundi 30 novembre 2020,2.192215827,11.17394106,0.800440487,5.620856761,24.30447084,35.16150876,22.68105955,28.23327826,9.656494125,19.24923222,30.84386964,33.64917885,43.10305414,34.67171559,14.77759922,14.73447569,13.60575843,21.09500606,16.32793907,14.78882074,11.79892729,27.68819366,8.936020864,27.15122071,1.414408397,11.75987362,7.299536271,88.83380991,30.21552745,15.33286108,22.51155307,29.05179431,11.27320558,4.690009904,1.722753378,48.86721751,11.64600544,3.318406013,14.62388132,12.93813408,10.72315871,44.87285219,34.47513089,34.29400064,21.37448861,12.89236052,61.7952036,28.3716342,20.64449964,25.81692953,9.972515845,31.621993,34.65246359,36.49063155,1.641215812,5.161725956,7.830140618,32.18581675,31.6716625,14.19207107,13.46220678,10.98655378,16.49460098,51.06948447,39.6181866,68.98126141,13.3711259,38.71986441,65.38124798,29.81381302,5.989960234,12.79935761,3.384176999,1.936916396,3.102672031,2.730466656,18.11593828,10.39836351,6.783268286,18.28769672,17.9659431,12.64802347,2.075463095,6.290503313,10.5484917,23.00817394
lundi 7 décembre 2020,1.980696227,11.14230838,0.777994012,5.510989219,25.47097418,33.28111259,23.2010832,17.34777499,14.72744749,18.29479183,30.49031469,31.28011098,44.60412266,31.45810715,16.53058811,15.89275408,14.29033949,28.12142478,17.35203065,16.96767877,20.66336924,29.05125496,9.775367145,28.49225231,1.970716424,14.21876781,7.971018517,92.23214706,32.1006224,16.8719833,19.39904133,25.79883943,12.27170163,5.086696139,1.708255315,40.43780997,10.51612427,3.259199458,11.65046366,13.92420117,13.58335548,45.58421602,26.15221109,36.1678319,26.87253896,9.451881764,62.33449144,29.92144664,20.19191808,23.42213325,10.91170844,36.82133989,30.76953808,41.61278838,2.61196025,2.733870461,6.563842928,25.62832941,27.50592456,14.2646338,13.18214297,11.01963188,17.98681281,50.09677644,42.52557056,67.96267205,13.64064365,39.34675386,64.30284264,25.95288217,6.220910643,14.50632016,3.204034612,1.774869306,3.625141985,2.010428883,25.16438014,11.63599693,6.825539153,19.11947402,19.43572197,13.831597,1.853563034,7.42377621,14.43816864,30.82917566
lundi 14 décembre 2020,2.33724542,11.6879437,0.763618419,5.656848484,23.13230733,29.36696701,20.81846387,24.29199524,17.39635508,20.75688745,34.6055298,34.96656406,48.30016175,29.11578557,15.16798269,15.01309793,17.11259623,24.70201993,21.26382336,15.89620217,15.6873754,24.2833144,10.07884811,27.43430487,1.755439154,13.33500665,7.613010301,97.48874131,28.95966827,11.63164994,20.28121305,26.74386699,13.07514424,6.346410428,1.836739223,41.63394605,9.552753595,3.551934334,12.2929582,15.5117964,13.0066106,40.32272765,29.99477314,38.03697862,25.32706847,9.504972083,57.89573265,22.04776868,20.26121606,25.30490764,10.53389166,35.73571166,26.9887785,38.78040437,5.159356411,2.981756785,11.98626054,28.96596882,26.61802235,13.13561996,13.62593831,9.226553305,15.82281761,42.9287808,42.88755348,62.05250541,14.33194365,39.65856109,59.17819012,33.02700947,6.56556647,8.838072878,2.872199311,1.986559507,4.033399083,1.880071121,26.08815668,11.46627225,7.777177099,23.60325762,18.61651666,11.69879788,2.47731696,7.006080128,12.90153491,28.34122897
lundi 21 décembre 2020,2.558853982,13.25918514,0.809327515,5.143186468,25.33114749,31.6551462,18.42643943,17.21271346,9.111814098,21.5798467,32.37761555,36.1447832,35.04597498,29.65614824,14.23189137,14.02898411,13.4107679,19.29648099,15.64843621,14.23336569,12.64382721,30.59044175,4.466691141,25.14716383,3.214679426,14.82819977,10.86698377,69.19420494,16.89638999,6.572377802,23.00171011,28.65601694,8.46711617,5.717956903,2.597793955,41.65026803,13.64149638,3.965635734,10.98076362,15.57848909,9.886260289,42.07312041,28.39465242,36.47524457,24.29238139,8.689355533,30.59524465,15.70197379,18.91058585,27.70644936,5.165486616,25.65336966,19.46848594,25.60184909,5.521878304,2.672704587,9.170611369,25.28927692,27.84451876,10.7103123,14.05382889,10.70958954,19.02116534,34.22499543,28.94695667,51.10074666,10.99517778,31.96668791,38.39420954,24.92431535,4.355679837,4.793974669,1.364016852,1.961000957,1.152094732,2.674611132,46.30410113,6.63196442,8.306911566,19.85721519,26.03636981,13.75448094,4.96275446,5.447794914,11.83025295,27.46430776
lundi 28 décembre 2020,2.634981646,13.35276516,0.891263743,6.417754884,24.62642905,31.15232057,21.87326473,36.24573202,16.97044647,19.745297,29.7223383,28.58815536,43.6513054,29.00549688,16.81079999,15.12679518,17.06381808,27.02635049,14.95485744,15.60103211,12.93979483,31.63782924,6.041509305,23.08984586,3.126546034,13.5800264,8.87541615,100.2259949,20.82791505,13.10364972,23.34549581,32.60538611,9.259617092,5.007901998,2.593167623,53.9299039,12.08522445,6.757570354,12.35648725,13.89357164,11.241784,42.29989784,25.05628507,38.28363617,23.27200551,8.884945989,41.83551696,22.7951745,19.99340292,26.71768096,5.529775876,35.19089069,26.67886604,28.27048158,3.389288858,1.725020053,6.246656717,27.83633979,26.2115737,12.82432507,13.92255151,9.37553944,20.50594092,37.09217601,31.35942351,56.1396902,10.55626065,40.94964469,41.84966191,36.0013809,4.397214892,8.29239668,2.39409522,1.948646675,1.861057992,2.173574981,22.91871767,4.895410526,8.00910075,20.35185988,21.45641314,10.80890695,3.300173108,5.815126055,11.81925002,25.6982679
lundi 4 janvier 2021,3.146018438,12.76459199,1.080386032,6.296591889,23.27923861,30.32792271,21.7427564,26.47214772,25.79521873,19.23588846,31.15083588,28.57112795,44.16249677,29.72580924,14.3409097,14.44735408,15.66836808,30.69888877,17.4482366,16.04709825,14.32509583,27.77022012,11.20432981,25.73976873,2.542417202,13.52783043,6.703385878,94.31189235,34.32822113,17.1287102,18.18837289,27.21667863,10.35025604,5.144174079,1.457309547,56.46912915,8.924668933,7.669051578,11.76932426,12.1696255,8.434120331,38.62343958,27.21158723,41.1945793,21.68645812,12.46376903,66.08868815,32.20356277,18.26202253,20.30553728,10.1047915,40.98384614,28.72567597,38.67224707,1.905624059,2.278452102,8.316886657,31.52155899,28.78909986,12.64913377,15.93503165,9.260342386,18.70363999,49.53769409,43.17640986,66.68027555,18.84678396,43.3300867,62.40185232,26.43457363,6.533948,11.67889101,3.099031543,2.155604067,7.527432955,2.79363972,22.87822554,10.9568677,6.723938694,19.63822122,18.54203749,9.928231918,3.232600631,7.514495299,13.55509835,31.96302823
lundi 11 janvier 2021,3.099727245,12.54517898,0.931577384,6.393923974,23.47920004,32.15157822,23.54531027,22.80745075,15.74302403,21.11917721,31.35983536,34.13654417,40.77614539,33.76239829,16.88819089,16.81649053,15.57076767,37.95921941,16.28108045,16.6551359,17.094801,25.24190462,12.64995078,30.59028723,1.960399846,13.50183518,7.232616969,99.9712876,36.71378036,15.25291779,21.38392193,28.77190968,12.35430159,4.909840209,1.804935388,40.30120674,11.07854077,8.815479733,10.688091,13.81710646,9.988637873,42.49395585,25.03491291,43.92483168,26.28649469,13.39802514,70.93539969,34.73661078,18.56099295,21.56089329,11.87035707,41.18191956,31.810738,40.0856454,5.413080796,2.097731757,3.953957984,34.7673416,30.75317426,13.87134211,14.15134499,8.954543595,20.68495112,47.14778295,43.77339215,65.39672333,14.06388856,41.557517,64.415158,27.80801774,8.707856649,17.23104744,4.02972238,2.304714522,3.143442715,2.847342055,30.45228883,14.70930741,9.765012624,23.88610447,21.16382164,13.6844064,3.190529551,7.662458878,12.74735774,30.57184915
lundi 18 janvier 2021,3.261307999,13.59221619,0.902894846,6.214023892,23.61952905,35.01533553,26.22443495,25.37651793,12.4644911,23.56703832,33.60622574,33.37253856,45.93919132,33.90567245,14.77090103,23.40479027,24.90286342,50.73921443,17.52476314,16.19160475,19.40718942,38.91439898,10.47871276,31.42887894,1.428955882,16.45926425,12.4903566,122.0205204,34.17060536,18.74706498,20.84454773,29.86473594,11.43826695,5.912260873,3.225017599,45.11821735,12.42610319,6.738335266,13.79053442,13.38165514,8.03168561,41.90519857,29.66520894,53.23375286,36.81586427,14.21400143,65.86938947,34.65438529,20.87673866,22.53939824,13.32799664,39.47249378,35.02280518,38.43471721,2.105132677,2.984273115,7.38500793,35.98560964,33.22306969,13.64297243,27.10316411,10.04951715,24.36676116,45.26955773,41.3530761,68.02123601,17.79613003,44.08163319,63.38165382,37.01382293,7.888931426,17.30137188,4.753431273,2.599042287,2.616883896,2.501998497,30.7968363,12.85629061,8.864401874,20.87366708,22.73044076,12.89203284,3.607794057,6.464193293,12.97133842,26.77525969
lundi 25 janvier 2021,3.004116618,12.4750729,0.966647289,6.501307639,24.77813343,39.1535282,26.94424832,25.9211539,18.55210615,27.57291592,35.20508501,29.4172838,53.6260665,30.58308726,14.98618782,20.37323469,19.89930109,33.56734373,19.12212874,16.35574228,18.16987609,36.78340299,11.26563862,34.10796203,1.57391908,14.17986841,7.505510251,96.36067567,34.83435835,16.04763735,21.97899109,25.31268968,12.07250036,4.065459935,2.218392603,45.56388635,12.51975126,10.88220134,13.75788157,12.60717621,8.794676207,42.69058704,28.25635262,47.4091292,24.97243482,9.062273686,77.68095498,35.03932038,21.13607104,20.1175702,12.18809575,37.96265539,32.88296045,41.8735416,4.7073632,3.68755427,10.53351751,36.90078149,34.57102941,13.43965478,21.79431277,10.57304697,21.48300693,47.05093188,40.69824715,73.81195112,17.59080959,42.94441335,63.82677318,32.97322016,7.097655852,13.26336773,4.520981948,1.878830288,3.998393896,2.188223873,26.69734902,11.08537599,8.290514167,20.83028233,23.39457078,16.59509479,4.18869816,8.162565542,16.11738593,31.03151505
lundi 1 février 2021,2.812031711,12.59680124,0.967461973,6.461627278,23.25701397,35.08968529,26.5195016,20.79704184,14.25247952,25.11720702,34.37481852,30.44887708,50.26723777,30.89206956,15.3290604,17.75712317,21.03612577,29.25301108,16.74028436,15.03157876,15.52575853,26.3943391,10.19133579,34.07377914,1.300210337,11.68478745,6.321900694,109.1566404,31.39616062,17.31647544,20.94059489,27.93014331,12.85203087,4.452399847,2.388716604,41.29077036,12.27707892,11.71789027,13.46590269,15.30446919,7.24441013,45.08524322,28.46730212,38.23223777,27.29663238,10.00208144,76.26699702,38.29195026,19.95881246,24.73691197,13.44189699,44.63488659,32.93849223,40.06390234,3.170707877,4.760665374,9.585070799,42.71055862,34.56947647,12.56449132,16.00873852,10.39829302,19.55593118,50.04542055,43.44373786,73.37671839,16.96392957,40.58316808,67.10684791,36.43488585,7.970717168,15.02029483,3.682245121,1.6443897,3.682798999,1.927736994,20.10565946,9.288180217,6.209668247,21.4114311,23.01089824,15.85765946,5.324039555,7.653535863,16.30157496,32.13585759
lundi 8 février 2021,3.307349695,11.77509813,0.945212607,6.030560951,24.94064485,36.86598315,27.21805916,23.31814644,12.08124262,25.28797337,34.04099967,31.16979488,52.72218936,30.56437361,16.79504407,17.33945559,21.90408994,36.30314105,17.48050425,15.75291315,16.15917639,27.53031072,11.79383609,36.38709332,0.813675742,10.54422376,8.957052116,110.8178727,37.30523843,22.64752156,21.19573508,28.92860241,13.39278915,4.430238776,3.078866394,45.84341088,10.84956162,12.42910804,13.73924238,16.18676425,8.754987449,47.63478996,25.47756301,40.0546034,23.72911174,12.28722884,73.75927604,34.44374819,19.94165002,21.38746271,12.16594635,43.34969246,33.85194604,34.52727921,4.157696518,3.527799097,12.61151897,40.29132903,35.16421414,13.29147533,15.93681601,11.28953092,19.1040003,50.31356005,48.78725281,75.08525428,15.75938887,38.15097282,65.0934267,49.30200644,6.79784827,12.73221996,3.363730717,1.54937017,2.996726948,1.819165406,25.95540521,9.701086668,7.868319364,21.37237797,23.36591731,14.55681939,2.506674,7.770303646,20.940809,31.03055614
lundi 15 février 2021,3.071618248,11.29814558,0.918966735,9.260705812,24.04428581,34.61877484,26.04740197,25.46759909,12.23091527,27.05305179,33.03983223,33.77811255,47.32659251,28.96454567,17.10361098,15.34658174,20.12595764,34.84151255,19.24279959,18.78665593,16.63345625,29.62613227,10.94129395,33.69488884,1.399784759,14.40117723,7.640590528,123.1270537,37.23741444,14.58869656,21.48060728,27.77899133,15.06318016,4.33372791,2.718393635,45.83805913,13.4071117,7.548723044,12.22483811,16.06137104,11.79407812,64.80425117,20.89354471,40.36461984,26.88455866,13.47619974,73.5388265,38.43284297,19.50457982,23.14802849,11.48572363,42.72368218,34.33434796,39.14660387,4.33250388,3.289557594,10.55899433,37.94359683,35.24828965,13.44951738,16.96364273,11.41782515,18.22840225,48.5536452,50.80655884,75.08288736,17.40213367,46.5410802,70.87134761,52.38724587,7.327826513,13.18413313,3.142520759,1.598078137,2.981108809,2.097919278,29.24307359,11.30467023,9.134141151,20.01978512,26.48918693,13.12387409,4.040447211,8.575700698,21.26163013,32.04669206
lundi 22 février 2021,2.313527308,7.728973656,0.728556935,6.761525242,21.26177713,29.45858098,18.41614444,18.31550164,9.875343583,23.49667578,32.11640165,32.81967238,62.57043187,30.42596437,13.94492135,11.84263648,19.7309595,34.1251469,14.90660884,18.10575278,12.99164556,25.25786603,5.422245744,23.29519293,1.367539773,11.73505376,7.109347227,100.2445435,30.39703851,19.7485617,19.67936007,22.18659024,9.830218225,4.019037661,2.544987769,44.32175732,12.84527466,6.013655778,13.07851836,15.20354348,10.40000003,53.76651911,21.56843463,39.41687478,20.10825671,10.687746,62.3426056,32.25298449,21.48377875,23.14905269,12.89894939,37.28665431,41.06890013,29.47535785,5.367542403,4.749369377,10.51191294,31.54703372,38.20333848,12.86101217,17.71208297,10.32619083,16.29928799,42.02290473,38.23668783,65.546709,17.93552505,38.81272703,57.02415555,42.93964222,6.153184828,12.01087378,3.205224724,1.511910059,4.379240871,1.981070526,25.74859995,13.33686979,8.418014447,23.94620801,24.79821136,13.40842906,3.597044779,7.528461232,17.71708961,28.3834417
lundi 1 mars 2021,2.572886887,11.57692885,0.955852096,7.786596908,20.41866236,29.3904427,21.66381887,14.73175024,13.63218554,26.03039966,36.08674696,29.9275687,49.03170968,33.5967074,14.93698072,13.61043368,14.31698991,27.8498687,19.70783542,16.2239755,13.09934945,31.56644689,8.188314886,22.903436,1.135677851,12.23888045,8.161526256,80.35692974,33.82564701,15.505294,22.01758955,24.84379585,11.15266038,4.222983612,2.721620667,46.9535212,10.72748781,6.195787769,12.35178639,17.9607091,21.7858713,51.38095466,27.16845713,39.76076588,29.08614578,9.758680015,47.5479476,32.41223819,20.04883887,24.41233553,10.91920586,44.07111077,33.57841553,32.35671967,4.852883194,7.062002693,11.577551,32.02172327,33.00967251,11.52200278,14.83216299,9.80456393,15.2154082,49.28785943,41.47911774,74.25760688,16.63024647,41.16070782,58.6000263,44.13802219,6.547436025,18.21758071,2.466651531,1.312534233,2.531503859,1.718598335,24.25273996,11.42968452,8.015004919,21.38095157,27.13417851,18.42452073,3.573710703,7.470804093,15.27045987,26.02678322
lundi 8 mars 2021,2.64256345,10.56138888,0.985800814,7.552760444,21.31110703,33.51243857,29.34554776,27.13635221,16.92541414,25.73731046,37.0904013,30.19503691,52.9786357,37.59322289,14.02806152,17.12295633,15.38517323,33.57567388,22.53939002,18.76351642,20.2268728,30.13485917,13.1678752,34.03941201,1.200570781,13.02672257,9.717191385,87.87644022,34.48165018,18.15143438,22.25776764,24.42514203,12.44994617,5.45138156,1.742724391,63.49055047,15.09893405,5.370383947,11.92671059,18.15292431,14.98119179,54.89889142,25.5761178,41.09167971,28.00389273,8.460317032,65.96222538,33.42808376,20.08087846,32.91336809,10.49541202,43.49922589,33.66613779,39.02025256,3.8537776,7.24208626,16.41655666,34.47077463,32.42675216,14.85613691,17.13108661,10.10144862,20.89018691,54.4088887,45.85312352,74.65357914,17.43407512,48.70534271,63.70221166,45.88826051,7.888926803,13.41000347,2.953415402,1.775083729,2.891751612,1.704942732,26.61137627,14.22970409,8.531204961,19.56996759,26.27773712,13.95744717,2.510557091,8.629099761,15.05152323,30.88256842
lundi 15 mars 2021,2.153795822,11.83040137,1.141300488,11.73519802,23.66407835,47.24363655,24.84540453,22.48749,23.1741195,31.30647041,33.27725843,32.16159514,55.58337047,41.61434652,16.71154336,26.39319217,18.87509607,38.56541935,24.76632454,24.55558917,22.37609232,36.55635084,12.36265034,32.1170125,1.626663279,15.91529948,8.831470525,110.0780972,34.03373163,22.07436328,29.65171465,35.37380424,17.07983463,7.235490738,2.860024087,54.89619596,22.07478805,9.234502342,17.72981385,20.048588,16.78446601,55.67196847,34.52419969,49.64839013,32.21192598,8.082385017,52.67152811,23.70597856,25.83514123,32.53209379,5.611274664,34.93665915,31.5447856,46.31252094,10.89661483,6.288254001,13.82446292,42.80346239,37.07620856,13.90256771,19.11708366,12.77486645,25.37837462,57.34183881,36.68472239,57.4126452,15.44101351,57.33039909,49.64362384,46.89120799,12.66207317,6.180735033,2.192483373,2.152164425,3.421427219,1.204524536,19.93536066,8.012648536,12.15130518,22.14003395,27.84986507,17.07384616,4.513840299,8.469842603,11.37356761,31.47445277
lundi 22 mars 2021,2.137195669,14.24584535,0.985123026,9.661542775,23.9286596,46.08628785,22.53639464,21.80350687,25.17184819,32.71915156,35.21529768,28.57565054,51.3007628,39.424522,16.30969411,25.32642997,16.51302719,35.17990407,17.39513219,23.61621784,19.46844645,32.01232873,9.553477241,27.29005974,1.972617732,17.98848682,8.554866517,115.8871092,36.66123922,21.9021483,25.21503027,31.26762898,13.45569172,8.022574257,3.428372248,49.48328542,16.76260323,14.25312559,18.91668047,21.35041617,16.79331771,57.45597907,33.67993481,50.14715227,36.82578542,6.249613959,52.77876723,17.94321433,25.72617027,30.99565892,4.8352426,35.76686158,33.99836493,32.73705963,5.442831366,4.525955726,15.51260571,36.33981607,37.28657852,15.67066728,17.33963973,15.94959029,24.4334749,53.69988929,40.1286384,62.15375247,15.59709447,53.82750437,47.80661155,38.57762477,11.60933606,4.869746695,2.638265814,2.337133607,4.27651356,0.998949676,13.94538942,4.605934051,9.971271646,21.00071622,28.38576457,20.15753038,5.473538466,8.214048316,11.68808356,35.41784679
lundi 29 mars 2021,1.802087618,14.37211809,1.048450903,10.0883776,26.87180954,41.56559393,22.77943597,27.30422529,24.56762462,34.48830569,33.719522,25.50557452,43.79817527,38.2492137,20.47975258,24.01197722,15.13586152,37.03568063,20.91685783,20.45224617,14.48384981,29.00065242,8.531080132,27.90030843,1.723818486,16.81229058,9.920382141,113.2086595,37.05685028,28.8248682,25.07317193,29.95673314,18.94860647,6.57290916,3.43788064,41.9939515,15.97279899,8.037824168,17.93924833,20.91571201,16.13885759,56.08060168,32.62150194,46.96375736,32.47658781,5.228509568,57.64785842,14.81840542,24.91218144,33.43016086,5.533503069,32.73232438,30.65449413,37.00297838,6.70417574,3.750262005,16.09293425,36.72401292,35.22088591,12.90509771,16.84616472,13.95274314,22.15656089,57.16370482,34.31054014,53.53984199,19.19269305,55.09253233,50.44209111,44.68523203,10.12949781,4.403096748,3.042572355,2.007193107,5.552725731,0.998715245,8.419991901,6.317142023,10.13343097,19.87557052,26.25057075,17.38277677,5.224338523,9.887392859,10.12163378,27.98966938
lundi 5 avril 2021,2.173204508,11.86965591,0.960510997,9.410930451,24.50289072,43.27228154,24.92278342,16.13601197,25.56391741,29.013369,33.71506102,28.60533941,50.81081816,39.38932727,18.0356954,25.11101331,20.60185169,33.60052829,20.22322007,22.99151168,18.28649247,28.99616716,7.973189816,30.32754277,1.804545094,18.33660181,9.838696156,140.9755529,36.38977244,22.66036641,26.24520798,30.28860204,14.55784406,5.418420876,3.371066748,46.46265602,18.91791314,13.49921853,16.91556669,20.05131624,12.73885486,62.33402652,28.76198413,48.70354699,34.28790644,5.141580923,52.73981682,21.05000183,25.35656703,31.03988535,5.715245245,37.78779665,24.91821209,44.05106179,2.726184942,2.578917717,15.14511454,40.31205698,32.86271709,13.29854654,14.87961255,15.96784489,26.57398537,61.24647736,31.5593399,54.86162209,12.16403642,54.08724315,46.54456138,53.81661162,10.21408131,4.355317127,3.336791934,2.003840206,3.591821969,1.188617572,8.285045694,5.649222189,8.698157386,23.47604677,23.90597799,16.94742871,6.63416084,10.97406231,12.97119579,29.23608846
lundi 12 avril 2021,2.212735134,11.86824516,0.940925533,9.912106638,20.00201156,40.31317649,22.63974852,15.54792328,27.37782934,24.71779767,53.92575945,23.87393632,41.38135199,40.91545733,16.81201048,22.56483147,15.42842838,31.01568611,21.30374698,22.73222124,16.92322679,32.07041354,9.73524675,23.79481001,1.703127239,18.9243212,10.09138326,120.1545596,32.75023403,18.35889324,25.51056638,31.67294216,16.34398058,6.638377633,4.198898783,48.31110634,18.07919232,12.1559574,18.37891137,21.15722207,14.04200575,70.11885363,31.48964379,50.01416598,29.0686185,5.850658541,48.92238197,20.52924676,28.5755068,33.1504468,5.549439313,33.45167251,26.24792585,42.57137483,10.32564502,4.255333365,12.87202618,40.08841393,34.86718471,11.68992324,15.71839697,15.84138,23.42415671,52.72142893,31.11595448,57.40785626,15.5911934,60.22394187,44.91488857,47.36986364,7.670176776,4.122433773,1.860214714,2.039925547,2.139719243,1.17844976,12.21615122,4.850487226,7.425126525,21.25282846,23.52056058,16.05887558,9.089255112,11.05475174,16.2571865,26.98978103
lundi 19 avril 2021,2.573498843,11.85343975,0.943540293,10.47776501,22.36222719,40.85827477,22.7081191,20.39946776,25.53650889,27.95061605,36.37008898,29.57157717,55.09048533,34.17417777,15.57527287,21.52752952,18.35635817,37.60127636,19.8558522,21.89954894,16.02170953,34.79936216,8.7459044,23.46466995,1.857299874,17.71583433,10.73183275,111.4789472,30.29629156,15.75662222,24.91498667,30.58942551,16.4217156,7.558001783,4.153862524,41.43389374,21.12143942,11.91315632,15.53619763,20.84991186,20.20517356,71.63812784,26.7903502,47.71033286,38.09642512,5.192700615,54.17380716,23.73369826,26.26296191,30.69574906,7.910122251,29.7327201,32.90592802,42.49123622,9.668322199,2.771285304,14.77900365,36.20747372,37.78228661,12.61831343,17.38793304,15.59329314,22.14376209,52.0507431,29.37665399,52.16946296,12.89516347,54.9881537,47.14099506,42.61541344,4.766009136,5.318439566,1.848270306,2.079729952,3.366587713,1.138216562,19.59230499,6.759255991,7.262734599,19.42720302,25.25072718,13.72698309,7.096249895,10.65931074,18.73557787,29.68049208
lundi 26 avril 2021,2.699301599,13.34233623,0.911617298,9.921533181,28.32480205,46.38890658,27.50535702,24.98260682,25.72781956,30.7922867,38.87165531,30.82239485,66.64267659,33.76568555,16.63362428,20.62096026,18.33313399,47.34235766,25.07551147,21.48873363,16.1662893,34.83897645,8.141715357,26.53946878,1.790080523,19.96145841,13.84341739,111.4747582,34.08587977,21.12963442,27.19278634,34.03288356,17.01532549,8.834482795,4.803283245,48.03972632,20.17694363,18.4978622,15.989556,23.47899275,16.01604297,82.42358013,30.61166357,52.44204403,34.51223628,6.107461303,45.56280844,24.63934303,30.79712725,33.45439869,7.999418973,34.15270085,24.55498306,42.31317945,6.227571535,3.883750545,13.80653829,37.25537789,36.53511092,13.75913276,17.42877191,15.83404558,22.90975765,55.69446707,34.39672313,53.46090935,12.54022534,57.13357342,43.34735211,29.40847703,5.482723683,4.854265693,1.796934209,2.443258932,1.245268198,1.220479952,20.30989813,5.893924281,9.6291069,21.97509735,26.89087454,16.14470644,7.09361627,9.98158265,17.46998058,38.39679834
lundi 3 mai 2021,1.891675775,10.77104559,1.001443157,11.316836,28.88831538,38.27809744,24.33279688,17.84754926,26.1989131,25.83322212,30.05895695,25.3876825,53.21195544,30.21200931,12.81973309,19.00784702,20.14688169,35.09798717,17.35537286,21.85743295,13.75280909,32.81034169,8.466735171,23.35871732,1.121032576,17.77076491,12.00007872,92.90121609,31.80538673,18.61689952,25.92954199,31.29966441,19.45608777,7.095949048,3.64448099,43.49097331,16.39042076,11.70946791,13.91111047,19.46668187,13.76779851,71.78350399,30.78661993,46.24235378,29.87464205,5.400523052,53.63352008,20.16820983,26.57161688,24.69359065,8.737830623,34.74527367,21.11981947,39.25258421,2.89094557,2.035300908,7.936190457,36.84353957,33.24758767,13.15394519,14.84449031,15.878652,26.42605745,51.53385536,29.43781433,48.51637312,10.76338778,44.42159637,42.03447223,19.80704494,4.391000425,6.139391777,1.58046337,1.764206474,1.266779173,1.066884589,15.40432731,5.784192349,7.945294059,19.29921409,22.99944029,15.95658886,9.517549376,10.02704778,14.33656785,28.51861258
lundi 10 mai 2021,3.312346937,12.1469769,1.028815896,11.85971907,23.4604209,48.36509085,20.09174146,16.03585097,31.1512937,29.7611582,34.8952486,26.82129402,45.00701321,27.51531633,17.56330348,18.69700824,15.0841025,30.20863393,16.10594503,23.0482479,13.66976175,29.05946953,8.893594705,21.32908624,1.808323392,16.33782321,12.29664238,95.04016607,27.00436908,18.89700714,23.61886691,27.96672058,17.71845186,5.01636082,4.149505764,29.36895001,14.31294727,9.928165223,12.33932617,18.50227291,13.46656395,64.03825058,24.46145799,41.97482818,29.55804516,7.494825754,59.99288463,20.53033609,22.50731436,26.39056307,10.15947228,33.18221095,24.88865752,32.89966519,5.808494944,3.643371791,6.360743591,34.83171299,32.15854417,12.75537691,13.34229885,14.63763765,23.25965983,54.63975697,29.83716763,44.31359596,13.98837759,46.8441186,42.33741432,26.6467326,4.131442567,7.291043507,2.106143923,1.858617162,2.04412943,1.331853132,22.09306064,9.218010231,6.306798156,21.38697002,24.4622643,12.13353098,7.71789647,11.10833415,14.45615042,27.51263756
lundi 17 mai 2021,2.070476677,11.07960646,0.964396854,8.439801999,21.43792812,43.5623483,23.81110735,15.53347751,28.59381318,29.09299777,36.2904841,28.30732936,37.6714122,27.68413287,14.03910461,21.02436748,17.35462553,40.75076037,21.36750299,23.82540956,14.46894463,33.09710809,10.30431195,22.18288776,1.824894293,18.26305159,13.80776165,107.2500718,28.87360355,22.55064389,25.73585221,33.41012091,23.40864159,5.113297739,4.358251717,37.70350825,13.56562819,5.791786303,13.73020063,17.92908181,13.97911911,61.43083655,27.62179332,44.32255603,24.47535695,8.184672505,63.39060067,26.11741958,22.65568924,22.81095203,7.467567235,40.38854988,28.82674671,38.93819052,4.638527417,2.674320076,7.258177558,36.87370181,35.48785684,13.2607993,13.24066769,15.04802729,20.61071826,55.22820575,30.05691178,56.15470675,15.8313459,48.63722825,43.38268639,28.89195838,7.865869618,5.517402767,2.103404484,1.563904713,2.856161043,1.159785204,18.78256747,9.087373781,6.26473369,23.69238043,23.57371276,14.1785778,7.914875831,9.119401702,11.57940748,23.27103369
lundi 24 mai 2021,2.143471484,11.13042963,0.914366276,7.562381142,23.82587386,36.45660059,22.68147338,15.69145737,36.01300901,28.43085631,31.4602764,26.82212336,40.46942237,28.35068969,16.67030452,17.8534924,17.0085562,41.92447138,17.0304445,20.76511839,13.26390644,32.78852666,9.139225513,21.09857138,1.411754307,17.65099483,10.04739953,101.0056451,31.11069688,23.3300321,24.40718515,28.04646823,12.74624285,5.751394693,2.977105651,43.25370149,11.99287632,12.17661722,15.8875534,14.9354997,13.07884999,62.13670359,28.62503822,44.29290412,21.7948644,8.590039527,55.25253047,20.91123268,21.96917565,22.39352344,9.729321019,35.21827964,33.85094621,37.29676142,4.995118633,3.550274485,6.239711379,33.85260041,33.15840521,10.99789514,12.52676509,15.80215623,17.40741365,61.97426604,31.99292315,58.06827755,14.00846883,47.85275937,45.33670248,47.90726246,8.057942275,7.298303936,2.049077969,1.700585428,2.69559826,1.412948759,20.35981399,11.71954806,3.662071456,26.22326652,22.68198234,13.78008501,5.170667328,10.10764396,13.7182583,26.75669398
lundi 31 mai 2021,2.502305411,11.94549848,0.882316313,7.240017246,20.33515661,35.61350604,20.83878343,17.38627676,24.16534082,31.30941857,42.65708593,27.24468282,35.47766441,27.78551703,15.19660064,19.47332971,14.75250665,44.83897541,15.97448308,22.64683666,14.13928475,30.33397439,9.336800924,19.78502136,1.738086368,21.84338963,9.715913747,94.18576928,29.6589727,15.92214643,25.24378163,26.98811219,14.778847,5.266157071,2.848715548,42.24167421,15.03987851,6.393558859,16.75387149,14.51654481,13.66975397,64.25065322,26.078,45.78933224,21.67012221,8.182092186,53.05158761,17.16984419,21.64125289,24.21390731,9.098046672,36.69986081,33.22746747,36.73523406,4.025424411,2.585338419,5.310729938,26.48268598,35.21235857,13.71950029,13.65608721,13.87564644,15.5703031,50.60004357,36.77545504,59.52248245,15.54875066,46.11094793,51.89813424,109.5859773,7.254931397,6.059126864,2.077481872,1.822147963,2.474770633,1.353423432,16.25714015,10.64454355,2.496358547,18.41129388,23.03927296,14.53509253,5.574098229,11.17853433,14.90377233,24.71947473
lundi 7 juin 2021,2.792502057,11.17668163,0.929609988,8.481476781,22.04358081,41.29326071,24.34277959,17.55573712,25.2398796,32.56528327,40.30704746,29.73199685,38.55753689,29.97070271,18.02499942,20.74549314,20.14236797,35.74317004,18.56538764,21.34829686,16.66945211,31.4175691,7.977837567,27.62178866,1.948075954,16.91853487,9.075454968,100.9576894,31.81144042,17.52037198,29.20141434,32.6301656,20.04401683,6.513523323,3.536805482,39.01351632,13.91486994,6.514667141,18.6074211,15.81974877,13.19315157,66.47941407,23.58066295,45.38260408,28.31048221,9.512621091,51.55964537,20.36697601,25.46570572,28.04138213,10.81523387,39.27150721,33.31298964,46.10177854,4.080190461,4.884979993,7.398002323,32.0422255,37.46382753,15.77527412,16.14931203,13.69864623,18.46919931,60.22176699,36.98297432,72.82643384,20.44393195,50.71644472,47.89713394,39.51699855,7.396631045,8.022226164,2.349995993,1.453732508,1.918527548,0.530059826,1.495977779,3.183127027,3.266210147,22.0449507,24.64608354,15.95566567,6.777535555,10.30895009,19.26829843,29.10996816
lundi 14 juin 2021,2.083358746,10.59217728,0.80045936,10.43022951,23.19591116,42.11637213,23.21329216,15.16140143,24.94781328,33.90745241,41.18610898,32.06620763,35.49834899,28.58043218,17.73374998,20.11242622,19.88132053,31.86097685,17.10885394,18.45288239,19.73816197,32.67657334,10.03268494,24.86318876,2.015169897,15.40624504,7.989365161,90.36197092,31.52800569,17.72674525,26.79606318,31.55282387,15.94253668,5.101987204,2.517162073,59.48671148,15.60686625,5.695180558,17.10783105,18.92499731,22.00352889,68.04753412,24.99974212,45.39616464,32.27058894,11.38478287,49.71312152,21.13147924,23.50556842,29.80126193,10.74411069,42.7432703,35.85088437,43.92370184,7.349045785,4.217951858,6.835303132,27.93111481,41.154748,12.32482912,13.76492583,13.93276419,20.45185602,58.67699898,31.7384684,76.17550716,18.4819704,49.17512416,47.66401284,49.21786008,10.63836672,8.399751511,2.884792142,1.939770154,1.635560873,0.575829624,1.193109553,2.213793056,3.515107904,21.17220943,24.6276319,14.612092,7.093326956,10.53099936,17.91414212,32.11073665
lundi 21 juin 2021,2.993177403,10.26126853,0.794708129,7.514925256,21.97347564,42.52580015,20.7770104,15.19204274,26.81456596,34.15420949,44.85689986,28.14852004,41.68385009,27.86075294,18.74416117,21.49939896,19.34678056,34.60118264,16.83128628,17.99529402,16.87049022,32.18665137,8.355284497,28.18968376,1.746333705,15.59677032,8.532637891,85.67127969,32.36372725,23.17065325,27.55379391,25.83064393,11.79563009,4.396655329,3.270596097,44.04767145,15.63268703,6.773431344,14.73659799,21.40776056,16.44218602,77.02662178,20.25300104,41.75075233,25.42186614,12.33153394,45.61227453,20.74055955,26.02276278,30.50030054,11.12282338,44.97094211,39.25976164,33.63182483,5.863074734,4.505400547,8.385586066,31.17322641,37.7031481,13.78998419,14.39533723,13.77238032,18.73143399,54.41572559,30.97927092,77.41871363,15.70354598,45.01818517,53.88640621,45.22654258,6.075168526,7.226673342,3.437400734,1.62939458,2.656886804,0.538868113,1.468223299,3.515589669,3.64760883,21.86429486,23.14036368,12.52701988,6.322392205,10.70054406,20.98644312,31.10733325
